date,new_cases_global,new_deaths_global,new_tests_global,total_vaccinations_global,people_vaccinated_global,people_fully_vaccinated_global,new_vaccinations_global,new_cases_7day_average_global,new_deaths_7day_average_global,new_tests_7day_average_global,total_vaccinations_7day_average_global,people_vaccinated_7day_average_global,people_fully_vaccinated_7day_average_global,new_vaccinations_7day_average_global,new_cases_usa,new_deaths_usa,new_tests_usa,total_vaccinations_usa,people_vaccinated_usa,people_fully_vaccinated_usa,new_vaccinations_usa,new_cases_7day_average_usa,new_deaths_7day_average_usa,new_tests_7day_average_usa,total_vaccinations_7day_average_usa,people_vaccinated_7day_average_usa,people_fully_vaccinated_7day_average_usa,new_vaccinations_7day_average_usa
1/1/20,0,0,27,0,0,0,0,0,0,27,0,0,0,0,0,0,0,0,0,0,0,0,0,0,0,0,0,0
1/2/20,0,0,108,0,0,0,0,0,0,68,0,0,0,0,0,0,0,0,0,0,0,0,0,0,0,0,0,0
1/3/20,0,0,93,0,0,0,0,0,0,76,0,0,0,0,0,0,0,0,0,0,0,0,0,0,0,0,0,0
1/4/20,0,0,112,0,0,0,0,0,0,85,0,0,0,0,0,0,0,0,0,0,0,0,0,0,0,0,0,0
1/5/20,0,0,87,0,0,0,0,0,0,85,0,0,0,0,0,0,0,0,0,0,0,0,0,0,0,0,0,0
1/6/20,0,0,218,0,0,0,0,0,0,108,0,0,0,0,0,0,0,0,0,0,0,0,0,0,0,0,0,0
1/7/20,0,0,210,0,0,0,0,0,0,122,0,0,0,0,0,0,0,0,0,0,0,0,0,0,0,0,0,0
1/8/20,0,0,173,0,0,0,0,0,0,143,0,0,0,0,0,0,0,0,0,0,0,0,0,0,0,0,0,0
1/9/20,0,0,202,0,0,0,0,0,0,156,0,0,0,0,0,0,0,0,0,0,0,0,0,0,0,0,0,0
1/10/20,0,0,246,0,0,0,0,0,0,178,0,0,0,0,0,0,0,0,0,0,0,0,0,0,0,0,0,0
1/11/20,0,0,48,0,0,0,0,0,0,169,0,0,0,0,0,0,0,0,0,0,0,0,0,0,0,0,0,0
1/12/20,0,0,171,0,0,0,0,0,0,181,0,0,0,0,0,0,0,0,0,0,0,0,0,0,0,0,0,0
1/13/20,0,0,243,0,0,0,0,0,0,185,0,0,0,0,0,0,0,0,0,0,0,0,0,0,0,0,0,0
1/14/20,0,0,248,0,0,0,0,0,0,190,0,0,0,0,0,0,0,0,0,0,0,0,0,0,0,0,0,0
1/15/20,0,0,343,0,0,0,0,0,0,214,0,0,0,0,0,0,0,0,0,0,0,0,0,0,0,0,0,0
1/16/20,0,0,244,0,0,0,0,0,0,220,0,0,0,0,0,0,0,0,0,0,0,0,0,0,0,0,0,0
1/17/20,0,0,192,0,0,0,0,0,0,213,0,0,0,0,0,0,0,0,0,0,0,0,0,0,0,0,0,0
1/18/20,0,0,93,0,0,0,0,0,0,219,0,0,0,0,0,0,0,0,0,0,0,0,0,0,0,0,0,0
1/19/20,0,0,165,0,0,0,0,0,0,218,0,0,0,0,0,0,0,0,0,0,0,0,0,0,0,0,0,0
1/20/20,0,0,347,0,0,0,0,0,0,233,0,0,0,0,0,0,0,0,0,0,0,0,0,0,0,0,0,0
1/21/20,0,0,300,0,0,0,0,0,0,241,0,0,0,0,0,0,0,0,0,0,0,0,0,0,0,0,0,0
1/22/20,0,0,349,0,0,0,0,0,0,241,0,0,0,0,0,0,0,0,0,0,0,0,0,0,0,0,0,0
1/23/20,294,3,360,0,0,0,0,42,0,258,0,0,0,0,0,0,0,0,0,0,0,0,0,0,0,0,0,0
1/24/20,860,24,286,0,0,0,0,165,4,271,0,0,0,0,1,0,0,0,0,0,0,0,0,0,0,0,0,0
1/25/20,1477,48,223,0,0,0,0,376,11,290,0,0,0,0,0,0,0,0,0,0,0,0,0,0,0,0,0,0
1/26/20,2055,42,337,0,0,0,0,669,17,315,0,0,0,0,3,0,0,0,0,0,0,1,0,0,0,0,0,0
1/27/20,2428,78,493,0,0,0,0,1016,28,335,0,0,0,0,0,0,0,0,0,0,0,1,0,0,0,0,0,0
1/28/20,7957,147,550,0,0,0,0,2153,49,371,0,0,0,0,0,0,0,0,0,0,0,1,0,0,0,0,0,0
1/29/20,1769,6,504,0,0,0,0,2406,50,393,0,0,0,0,1,0,0,0,0,0,0,1,0,0,0,0,0,0
1/30/20,6204,114,485,0,0,0,0,3250,66,411,0,0,0,0,0,0,0,0,0,0,0,1,0,0,0,0,0,0
1/31/20,5079,126,391,0,0,0,0,3853,80,426,0,0,0,0,2,0,0,0,0,0,0,1,0,0,0,0,0,0
2/1/20,6339,138,600,0,0,0,0,4547,93,480,0,0,0,0,0,0,0,0,0,0,0,1,0,0,0,0,0,0
2/2/20,14249,309,383,0,0,0,0,6289,131,487,0,0,0,0,0,0,0,0,0,0,0,0,0,0,0,0,0,0
2/3/20,9302,192,403,0,0,0,0,7271,147,474,0,0,0,0,3,0,0,0,0,0,0,1,0,0,0,0,0,0
2/4/20,12034,198,594,0,0,0,0,7854,155,480,0,0,0,0,0,0,0,0,0,0,0,1,0,0,0,0,0,0
2/5/20,11235,216,890,0,0,0,0,9206,185,535,0,0,0,0,0,0,0,0,0,0,0,1,0,0,0,0,0,0
2/6/20,9480,210,706,0,0,0,0,9674,198,567,0,0,0,0,1,0,0,0,0,0,0,1,0,0,0,0,0,0
2/7/20,10720,255,781,0,0,0,0,10480,217,622,0,0,0,0,0,0,0,0,0,0,0,1,0,0,0,0,0,0
2/8/20,8207,261,1547,0,0,0,0,10747,234,758,0,0,0,0,0,0,0,0,0,0,0,1,0,0,0,0,0,0
2/9/20,9089,300,2337,0,0,0,0,10010,233,1037,0,0,0,0,0,0,0,0,0,0,0,1,0,0,0,0,0,0
2/10/20,7756,321,1474,0,0,0,0,9789,252,1190,0,0,0,0,0,0,0,0,0,0,0,0,0,0,0,0,0,0
2/11/20,6128,300,1340,0,0,0,0,8945,266,1296,0,0,0,0,1,0,0,0,0,0,0,0,0,0,0,0,0,0
2/12/20,1214,15,1971,0,0,0,0,7513,237,1451,0,0,0,0,0,0,0,0,0,0,0,0,0,0,0,0,0,0
2/13/20,45459,759,1123,0,0,0,0,12653,316,1510,0,0,0,0,1,0,0,0,0,0,0,0,0,0,0,0,0,0
2/14/20,19538,456,1797,0,0,0,0,13913,345,1656,0,0,0,0,0,0,0,0,0,0,0,0,0,0,0,0,0,0
2/15/20,6363,430,1128,0,0,0,0,13650,369,1596,0,0,0,0,0,0,0,0,0,0,0,0,0,0,0,0,0,0
2/16/20,6479,312,2834,0,0,0,0,13277,370,1667,0,0,0,0,0,0,0,0,0,0,0,0,0,0,0,0,0,0
2/17/20,6006,294,1687,0,0,0,0,13027,367,1697,0,0,0,0,0,0,0,0,0,0,0,0,0,0,0,0,0,0
2/18/20,5558,420,4035,0,0,0,0,12945,384,2082,0,0,0,0,0,0,0,0,0,0,0,0,0,0,0,0,0,0
2/19/20,1421,345,2495,0,0,0,0,12975,431,2157,0,0,0,0,0,0,0,0,0,0,0,0,0,0,0,0,0,0
2/20/20,1667,373,3073,0,0,0,0,6719,376,2436,0,0,0,0,0,0,0,0,0,0,0,0,0,0,0,0,0,0
2/21/20,1904,13,6117,0,0,0,0,4200,312,3053,0,0,0,0,2,0,0,0,0,0,0,0,0,0,0,0,0,0
2/22/20,5325,622,9711,0,0,0,0,4051,340,4279,0,0,0,0,0,0,0,0,0,0,0,0,0,0,0,0,0,0
2/23/20,1176,33,3814,0,0,0,0,3294,300,4419,0,0,0,0,0,0,0,0,0,0,0,0,0,0,0,0,0,0
2/24/20,1766,484,7473,0,0,0,0,2688,327,5245,0,0,0,0,0,0,0,0,0,0,0,0,0,0,0,0,0,0
2/25/20,2662,243,14051,0,0,0,0,2274,302,6676,0,0,0,0,0,0,0,0,0,0,0,0,0,0,0,0,0,0
2/26/20,3075,185,12398,0,0,0,0,2511,279,8091,0,0,0,0,0,0,0,0,0,0,0,0,0,0,0,0,0,0
2/27/20,4330,134,18900,0,0,0,0,2891,245,10352,0,0,0,0,1,0,0,0,0,0,0,0,0,0,0,0,0,0
2/28/20,4442,179,27783,0,0,0,0,3254,269,13447,0,0,0,0,0,0,0,0,0,0,0,0,0,0,0,0,0,0
2/29/20,6021,215,19673,0,0,0,0,3353,210,14870,0,0,0,0,8,1,0,0,0,0,0,1,0,0,0,0,0,0
3/1/20,7850,167,16004,0,0,0,0,4307,230,16612,0,0,0,0,7,0,347,0,0,0,0,2,0,50,0,0,0,0
3/2/20,6443,286,18335,0,0,0,0,4975,201,18163,0,0,0,0,23,5,505,0,0,0,0,6,1,122,0,0,0,0
3/3/20,8385,254,24745,0,0,0,0,5792,203,19691,0,0,0,0,19,1,605,0,0,0,0,8,1,208,0,0,0,0
3/4/20,7794,314,35467,0,0,0,0,6466,221,22987,0,0,0,0,33,4,857,0,0,0,0,13,2,331,0,0,0,0
3/5/20,9745,327,22549,0,0,0,0,7240,249,23508,0,0,0,0,77,1,1190,0,0,0,0,24,2,501,0,0,0,0
3/6/20,13289,390,44726,0,0,0,0,8504,279,25928,0,0,0,0,53,2,1484,0,0,0,0,31,2,713,0,0,0,0
3/7/20,14285,360,35109,0,0,0,0,9684,300,28134,0,0,0,0,166,3,1763,0,0,0,0,54,2,964,0,0,0,0
3/8/20,14212,865,28814,0,0,0,0,10593,399,29964,0,0,0,0,116,4,1602,0,0,0,0,70,3,1144,0,0,0,0
3/9/20,15435,686,30268,0,0,0,0,11878,457,31668,0,0,0,0,75,1,2322,0,0,0,0,77,2,1403,0,0,0,0
3/10/20,17234,1007,37649,0,0,0,0,13142,564,33512,0,0,0,0,188,6,3349,0,0,0,0,101,3,1795,0,0,0,0
3/11/20,27637,1269,46352,0,0,0,0,15977,701,35067,0,0,0,0,365,5,4692,0,0,0,0,149,3,2343,0,0,0,0
3/12/20,20646,1114,49027,0,0,0,0,17534,813,38849,0,0,0,0,439,10,8796,0,0,0,0,200,4,3430,0,0,0,0
3/13/20,53324,1861,44179,0,0,0,0,23253,1023,38771,0,0,0,0,633,8,11674,0,0,0,0,283,5,4885,0,0,0,0
3/14/20,40633,1524,63490,0,0,0,0,27017,1189,42826,0,0,0,0,759,7,12989,0,0,0,0,368,6,6489,0,0,0,0
3/15/20,41167,2391,63103,0,0,0,0,30868,1407,47724,0,0,0,0,234,12,14423,0,0,0,0,385,7,8321,0,0,0,0
3/16/20,54601,2525,76049,0,0,0,0,36463,1670,54264,0,0,0,0,1467,27,27540,0,0,0,0,584,11,11923,0,0,0,0
3/17/20,57830,3028,101458,0,0,0,0,42263,1959,63380,0,0,0,0,1833,37,40187,0,0,0,0,819,15,17186,0,0,0,0
3/18/20,71160,3334,114323,0,0,0,0,48480,2254,73090,0,0,0,0,2657,60,50850,0,0,0,0,1146,23,23780,0,0,0,0
3/19/20,97983,4139,149682,0,0,0,0,59528,2686,87469,0,0,0,0,4494,72,60738,0,0,0,0,1725,32,31200,0,0,0,0
3/20/20,109816,5599,171425,0,0,0,0,67599,3220,105647,0,0,0,0,6367,106,76383,0,0,0,0,2544,46,40444,0,0,0,0
3/21/20,114690,6521,177291,0,0,0,0,78178,3934,121904,0,0,0,0,5995,103,76451,0,0,0,0,3292,60,49510,0,0,0,0
3/22/20,121915,6335,150528,0,0,0,0,89714,4497,134394,0,0,0,0,8873,124,74439,0,0,0,0,4527,76,58084,0,0,0,0
3/23/20,150768,7318,209834,0,0,0,0,103452,5182,153506,0,0,0,0,11238,191,80449,0,0,0,0,5922,99,65642,0,0,0,0
3/24/20,143882,8556,217408,0,0,0,0,115745,5972,170070,0,0,0,0,10619,243,104631,0,0,0,0,7178,128,74849,0,0,0,0
3/25/20,179532,10469,242039,0,0,0,0,131227,6991,188315,0,0,0,0,12082,334,114785,0,0,0,0,8524,168,83982,0,0,0,0
3/26/20,219756,11202,276152,0,0,0,0,148623,8000,206382,0,0,0,0,17856,418,129478,0,0,0,0,10433,217,93802,0,0,0,0
3/27/20,225726,12822,324411,0,0,0,0,165181,9032,228238,0,0,0,0,18690,522,136212,0,0,0,0,12193,276,102349,0,0,0,0
3/28/20,233699,13673,282810,0,0,0,0,182183,10054,243312,0,0,0,0,19630,650,122021,0,0,0,0,14141,355,108859,0,0,0,0
3/29/20,203022,12868,304465,0,0,0,0,193769,10987,265303,0,0,0,0,18899,616,110163,0,0,0,0,15573,425,113963,0,0,0,0
3/30/20,222236,14863,246946,0,0,0,0,203979,12065,270604,0,0,0,0,22075,713,123611,0,0,0,0,17122,499,120129,0,0,0,0
3/31/20,260947,17051,321296,0,0,0,0,220703,13278,285446,0,0,0,0,26314,1085,142493,0,0,0,0,19364,620,125538,0,0,0,0
4/1/20,278248,21533,478544,0,0,0,0,234805,14859,319232,0,0,0,0,32286,1284,153604,0,0,0,0,22250,755,131083,0,0,0,0
4/2/20,277525,20753,507801,0,0,0,0,243058,16223,352325,0,0,0,0,32222,1514,162212,0,0,0,0,24302,912,135759,0,0,0,0
4/3/20,280958,21948,498093,0,0,0,0,250948,17527,377136,0,0,0,0,32307,1429,169984,0,0,0,0,26248,1042,140584,0,0,0,0
4/4/20,181053,20725,443075,0,0,0,0,243427,18534,400031,0,0,0,0,32386,1568,148704,0,0,0,0,28070,1173,144396,0,0,0,0
4/5/20,238387,18038,444103,0,0,0,0,248479,19273,419980,0,0,0,0,29895,1615,139565,0,0,0,0,29641,1315,148596,0,0,0,0
4/6/20,239132,20809,435220,0,0,0,0,250893,20122,446876,0,0,0,0,31390,1772,143985,0,0,0,0,30971,1467,151507,0,0,0,0
4/7/20,225051,28789,596807,0,0,0,0,245765,21799,486235,0,0,0,0,30779,2573,180418,0,0,0,0,31609,1679,156925,0,0,0,0
4/8/20,276051,23352,575517,0,0,0,0,245451,22059,500088,0,0,0,0,31235,2161,169100,0,0,0,0,31459,1805,159138,0,0,0,0
4/9/20,285942,27200,598100,0,0,0,0,246653,22980,512988,0,0,0,0,35942,2211,175042,0,0,0,0,31991,1904,160971,0,0,0,0
4/10/20,279793,25481,635819,0,0,0,0,246487,23485,532663,0,0,0,0,34403,2197,172993,0,0,0,0,32290,2014,161401,0,0,0,0
4/11/20,242909,21197,628686,0,0,0,0,255324,23552,559179,0,0,0,0,29083,2126,210725,0,0,0,0,31818,2094,170261,0,0,0,0
4/12/20,426772,20231,489337,0,0,0,0,282236,23866,565641,0,0,0,0,27256,1873,111648,0,0,0,0,31441,2130,166273,0,0,0,0
4/13/20,228942,20586,477824,0,0,0,0,280780,23834,571727,0,0,0,0,26939,2015,114205,0,0,0,0,30805,2165,162019,0,0,0,0
4/14/20,280769,23656,572293,0,0,0,0,288740,23100,568225,0,0,0,0,28818,2447,162482,0,0,0,0,30525,2147,159456,0,0,0,0
4/15/20,252765,29751,629929,0,0,0,0,285413,24015,575998,0,0,0,0,25408,2607,172171,0,0,0,0,29693,2211,159895,0,0,0,0
4/16/20,319580,25181,675009,0,0,0,0,290219,23726,586985,0,0,0,0,30002,2153,184141,0,0,0,0,28844,2203,161195,0,0,0,0
4/17/20,285012,28612,722333,0,0,0,0,290964,24173,599344,0,0,0,0,33066,2113,198305,0,0,0,0,28653,2191,164811,0,0,0,0
4/18/20,247528,20678,682500,0,0,0,0,291624,24099,607032,0,0,0,0,27907,1972,167071,0,0,0,0,28485,2169,158575,0,0,0,0
4/19/20,248100,17911,597656,0,0,0,0,266099,23768,622506,0,0,0,0,26062,1977,134267,0,0,0,0,28315,2183,161806,0,0,0,0
4/20/20,241014,20246,596652,0,0,0,0,267824,23719,639482,0,0,0,0,29820,2236,160160,0,0,0,0,28726,2215,168371,0,0,0,0
4/21/20,242823,24706,701965,0,0,0,0,262403,23869,658006,0,0,0,0,25926,2505,221088,0,0,0,0,28313,2223,176743,0,0,0,0
4/22/20,260812,23549,796378,0,0,0,0,263553,22983,681785,0,0,0,0,28911,2465,235728,0,0,0,0,28813,2203,185823,0,0,0,0
4/23/20,266423,23438,828599,0,0,0,0,255959,22734,703726,0,0,0,0,33612,2458,232971,0,0,0,0,29329,2247,192799,0,0,0,0
4/24/20,255637,23038,948542,0,0,0,0,251762,21938,736042,0,0,0,0,32327,2188,259256,0,0,0,0,29224,2257,201506,0,0,0,0
4/25/20,259542,19422,841812,0,0,0,0,253479,21759,758801,0,0,0,0,30380,1716,219429,0,0,0,0,29577,2221,208986,0,0,0,0
4/26/20,224910,13991,749284,0,0,0,0,250166,21199,780462,0,0,0,0,26488,1404,171520,0,0,0,0,29638,2139,214307,0,0,0,0
4/27/20,222056,16642,772144,0,0,0,0,247458,20684,805532,0,0,0,0,23715,1520,225732,0,0,0,0,28766,2037,223675,0,0,0,0
4/28/20,237543,22144,981477,0,0,0,0,246703,20318,845462,0,0,0,0,24575,2225,269631,0,0,0,0,28573,1997,230610,0,0,0,0
4/29/20,239543,22861,1092483,0,0,0,0,243665,20219,887763,0,0,0,0,26459,2410,294651,0,0,0,0,28222,1989,239027,0,0,0,0
4/30/20,259336,19625,1197764,0,0,0,0,242652,19675,940501,0,0,0,0,29205,2188,322469,0,0,0,0,27593,1950,251813,0,0,0,0
5/1/20,273595,17454,1205326,0,0,0,0,245218,18877,977184,0,0,0,0,34907,1915,336483,0,0,0,0,27961,1911,262845,0,0,0,0
5/2/20,244821,19086,1018992,0,0,0,0,243115,18829,1002496,0,0,0,0,27348,1730,268270,0,0,0,0,27528,1913,269822,0,0,0,0
5/3/20,235075,12337,955155,0,0,0,0,244567,18593,1031906,0,0,0,0,24321,1197,207580,0,0,0,0,27219,1884,274974,0,0,0,0
5/4/20,238444,14927,969618,0,0,0,0,246908,18348,1060116,0,0,0,0,24068,1390,250570,0,0,0,0,27269,1865,278522,0,0,0,0
5/5/20,248706,19512,1103614,0,0,0,0,248503,17972,1077565,0,0,0,0,24528,2215,319191,0,0,0,0,27262,1864,285602,0,0,0,0
5/6/20,280995,22348,1190102,0,0,0,0,254425,17898,1091510,0,0,0,0,24569,2309,359375,0,0,0,0,26992,1849,294848,0,0,0,0
5/7/20,274489,18250,1245857,0,0,0,0,256589,17702,1098381,0,0,0,0,27429,1925,362024,0,0,0,0,26739,1812,300499,0,0,0,0
5/8/20,278635,19012,1347190,0,0,0,0,257309,17925,1118647,0,0,0,0,26830,1758,402937,0,0,0,0,25585,1789,309992,0,0,0,0
5/9/20,261692,14544,1228281,0,0,0,0,259719,17276,1148545,0,0,0,0,25176,1463,335192,0,0,0,0,25274,1751,319553,0,0,0,0
5/10/20,229537,12614,1050416,0,0,0,0,258928,17315,1162154,0,0,0,0,18805,987,248609,0,0,0,0,24486,1721,325414,0,0,0,0
5/11/20,236859,12637,1077847,0,0,0,0,258702,16988,1177615,0,0,0,0,19298,1044,319372,0,0,0,0,23805,1672,335243,0,0,0,0
5/12/20,259510,18752,1274562,0,0,0,0,260245,16880,1202036,0,0,0,0,22927,1598,421358,0,0,0,0,23576,1583,349838,0,0,0,0
5/13/20,260373,17437,1436944,0,0,0,0,257299,16178,1237300,0,0,0,0,20433,1725,449954,0,0,0,0,22985,1500,362778,0,0,0,0
5/14/20,294490,17812,1502248,0,0,0,0,260157,16115,1273927,0,0,0,0,26817,1782,449675,0,0,0,0,22898,1480,375300,0,0,0,0
5/15/20,292516,17731,1663973,0,0,0,0,262140,15932,1319182,0,0,0,0,24733,1666,444823,0,0,0,0,22598,1466,381283,0,0,0,0
5/16/20,287743,14253,1405088,0,0,0,0,265861,15891,1344440,0,0,0,0,24135,1201,365688,0,0,0,0,22450,1429,385640,0,0,0,0
5/17/20,237307,11485,1218473,0,0,0,0,266971,15730,1368448,0,0,0,0,18388,825,304159,0,0,0,0,22390,1406,393576,0,0,0,0
5/18/20,271413,12993,1230101,0,0,0,0,271907,15780,1390198,0,0,0,0,22389,1223,352281,0,0,0,0,22832,1431,398277,0,0,0,0
5/19/20,295335,15692,1434915,0,0,0,0,277025,15343,1413106,0,0,0,0,20979,1460,432995,0,0,0,0,22553,1412,399939,0,0,0,0
5/20/20,310607,16262,1542548,0,0,0,0,284202,15175,1428192,0,0,0,0,22725,1499,462020,0,0,0,0,22881,1379,401663,0,0,0,0
5/21/20,324270,15757,1508121,0,0,0,0,288456,14882,1429031,0,0,0,0,25769,1185,458812,0,0,0,0,22731,1294,402968,0,0,0,0
5/22/20,325441,18184,1588429,0,0,0,0,293159,14947,1418239,0,0,0,0,23649,1222,491400,0,0,0,0,22576,1231,409622,0,0,0,0
5/23/20,318369,13401,1486419,0,0,0,0,297535,14825,1429858,0,0,0,0,21099,1086,389927,0,0,0,0,22143,1214,413085,0,0,0,0
5/24/20,285300,10602,1238638,0,0,0,0,304391,14699,1432739,0,0,0,0,20077,640,346393,0,0,0,0,22384,1188,419118,0,0,0,0
5/25/20,262510,3265,1204801,0,0,0,0,303119,13309,1429124,0,0,0,0,18662,597,328724,0,0,0,0,21851,1098,415753,0,0,0,0
5/26/20,286083,14765,1480768,0,0,0,0,301797,13177,1435675,0,0,0,0,19663,678,460287,0,0,0,0,21663,987,419652,0,0,0,0
5/27/20,311682,16579,1683160,0,0,0,0,301951,13222,1455762,0,0,0,0,18551,1459,552883,0,0,0,0,21067,981,432632,0,0,0,0
5/28/20,366464,15393,1689466,0,0,0,0,307978,13170,1481669,0,0,0,0,22320,1092,535116,0,0,0,0,20574,968,443533,0,0,0,0
5/29/20,367539,15866,1759773,0,0,0,0,313992,12839,1506146,0,0,0,0,24478,1130,545523,0,0,0,0,20693,955,451265,0,0,0,0
5/30/20,414475,13498,1603626,0,0,0,0,327722,12853,1522890,0,0,0,0,23632,954,453143,0,0,0,0,21055,936,460296,0,0,0,0
5/31/20,321780,9648,1393087,0,0,0,0,332933,12716,1544954,0,0,0,0,18983,617,373164,0,0,0,0,20898,932,464120,0,0,0,0
6/1/20,290677,10725,1350355,0,0,0,0,336957,13782,1565748,0,0,0,0,17414,778,438768,0,0,0,0,20720,958,479841,0,0,0,0
6/2/20,368001,15935,1659888,0,0,0,0,348660,13949,1591336,0,0,0,0,21502,980,521244,0,0,0,0,20983,1001,488549,0,0,0,0
6/3/20,342759,17868,1799668,0,0,0,0,353099,14133,1607980,0,0,0,0,19857,1008,581853,0,0,0,0,21169,937,492687,0,0,0,0
6/4/20,400618,16583,1914830,0,0,0,0,357978,14303,1640175,0,0,0,0,21658,1006,617916,0,0,0,0,21075,925,504516,0,0,0,0
6/5/20,398279,15513,1921854,0,0,0,0,362370,14253,1663330,0,0,0,0,25403,889,572627,0,0,0,0,21207,890,508388,0,0,0,0
6/6/20,405480,12847,1701387,0,0,0,0,361085,14160,1677296,0,0,0,0,21142,642,464261,0,0,0,0,20851,846,509976,0,0,0,0
6/7/20,340369,9683,1510405,0,0,0,0,363740,14165,1694055,0,0,0,0,17928,460,405504,0,0,0,0,20701,823,514596,0,0,0,0
6/8/20,310722,12718,1466907,0,0,0,0,366604,14450,1710706,0,0,0,0,17616,509,448907,0,0,0,0,20729,785,516045,0,0,0,0
6/9/20,379067,15957,1749689,0,0,0,0,368185,14453,1723534,0,0,0,0,18383,907,559848,0,0,0,0,20284,774,521559,0,0,0,0
6/10/20,409304,16677,1924646,0,0,0,0,377691,14283,1741388,0,0,0,0,21111,879,628276,0,0,0,0,20463,756,528191,0,0,0,0
6/11/20,418284,15368,1948187,0,0,0,0,380215,14109,1746154,0,0,0,0,23166,828,614546,0,0,0,0,20678,731,527710,0,0,0,0
6/12/20,391070,14614,1977877,0,0,0,0,379185,13981,1754157,0,0,0,0,24828,829,616244,0,0,0,0,20596,722,533941,0,0,0,0
6/13/20,409760,13571,1755900,0,0,0,0,379797,14084,1761944,0,0,0,0,25212,740,531587,0,0,0,0,21178,736,543559,0,0,0,0
6/14/20,399933,11040,1545798,0,0,0,0,388306,14278,1767001,0,0,0,0,18941,345,413114,0,0,0,0,21322,720,544646,0,0,0,0
6/15/20,361809,11637,1579228,0,0,0,0,395604,14123,1783046,0,0,0,0,19827,396,506146,0,0,0,0,21638,703,552823,0,0,0,0
6/16/20,430571,21679,1932287,0,0,0,0,402962,14941,1809132,0,0,0,0,23667,813,672634,0,0,0,0,22393,690,568935,0,0,0,0
6/17/20,435943,16932,2067716,0,0,0,0,406767,14977,1829570,0,0,0,0,27072,739,705661,0,0,0,0,23245,670,579990,0,0,0,0
6/18/20,429101,16136,2069815,0,0,0,0,408312,15087,1846946,0,0,0,0,28537,688,701716,0,0,0,0,24012,650,592443,0,0,0,0
6/19/20,543951,20456,2151668,0,0,0,0,430153,15922,1871773,0,0,0,0,31544,627,704190,0,0,0,0,24971,621,605007,0,0,0,0
6/20/20,476152,13688,1949592,0,0,0,0,439637,15938,1899443,0,0,0,0,32280,558,584046,0,0,0,0,25981,595,612501,0,0,0,0
6/21/20,386110,13855,1615986,0,0,0,0,437662,16340,1909470,0,0,0,0,25150,320,421283,0,0,0,0,26868,592,613668,0,0,0,0
6/22/20,421156,11299,1730139,0,0,0,0,446141,16292,1931029,0,0,0,0,32144,407,547647,0,0,0,0,28628,593,619597,0,0,0,0
6/23/20,505103,16988,2017713,0,0,0,0,456788,15622,1943233,0,0,0,0,37072,748,700226,0,0,0,0,30543,584,623538,0,0,0,0
6/24/20,522647,16734,2213232,0,0,0,0,469174,15594,1964021,0,0,0,0,35878,737,766595,0,0,0,0,31801,584,632243,0,0,0,0
6/25/20,539674,15254,2241233,0,0,0,0,484970,15468,1988509,0,0,0,0,40326,538,771305,0,0,0,0,33485,562,642185,0,0,0,0
6/26/20,580459,15450,2305840,0,0,0,0,490186,14753,2010534,0,0,0,0,45999,628,809674,0,0,0,0,35550,562,657254,0,0,0,0
6/27/20,538517,14426,2114335,0,0,0,0,499095,14858,2034068,0,0,0,0,41330,506,693455,0,0,0,0,36843,555,672884,0,0,0,0
6/28/20,494022,10608,1887875,0,0,0,0,514511,14394,2072910,0,0,0,0,40734,316,565949,0,0,0,0,39069,554,693550,0,0,0,0
6/29/20,469657,12177,1948667,0,0,0,0,521440,14520,2104128,0,0,0,0,41299,386,664544,0,0,0,0,40377,551,710250,0,0,0,0
6/30/20,527163,15827,2294861,0,0,0,0,524591,14354,2143720,0,0,0,0,46420,555,855755,0,0,0,0,41712,524,732468,0,0,0,0
7/1/20,657288,16070,2422308,0,0,0,0,543826,14259,2173588,0,0,0,0,51820,701,884268,0,0,0,0,43990,519,749279,0,0,0,0
7/2/20,634130,16429,2392186,0,0,0,0,557319,14427,2195153,0,0,0,0,56636,710,858328,0,0,0,0,46320,543,761710,0,0,0,0
7/3/20,608377,16011,2373582,0,0,0,0,561308,14507,2204831,0,0,0,0,51351,670,800582,0,0,0,0,47084,549,760412,0,0,0,0
7/4/20,584803,14460,1754527,0,0,0,0,567920,14512,2153429,0,0,0,0,45693,315,620410,0,0,0,0,47708,522,749977,0,0,0,0
7/5/20,554430,11533,1549149,0,0,0,0,576550,14644,2105040,0,0,0,0,50747,326,526774,0,0,0,0,49138,523,744380,0,0,0,0
7/6/20,496544,12793,1954431,0,0,0,0,580391,14732,2105863,0,0,0,0,43106,377,725086,0,0,0,0,49396,522,753029,0,0,0,0
7/7/20,637153,19168,2379717,0,0,0,0,596104,15209,2117986,0,0,0,0,60661,1161,902857,0,0,0,0,51431,609,759758,0,0,0,0
7/8/20,646861,17027,2560113,0,0,0,0,594614,15346,2137672,0,0,0,0,60119,822,980206,0,0,0,0,52616,626,773463,0,0,0,0
7/9/20,684690,17487,2669677,0,0,0,0,601837,15497,2177314,0,0,0,0,62509,1020,1011473,0,0,0,0,53455,670,795341,0,0,0,0
7/10/20,702848,17003,2706559,0,0,0,0,615333,15639,2224882,0,0,0,0,68057,816,1015385,0,0,0,0,55842,691,826027,0,0,0,0
7/11/20,653021,15698,2408479,0,0,0,0,625078,15816,2318304,0,0,0,0,60017,729,840175,0,0,0,0,57888,750,857422,0,0,0,0
7/12/20,579274,13162,2087219,0,0,0,0,628627,16048,2395171,0,0,0,0,58424,472,698151,0,0,0,0,58985,771,881905,0,0,0,0
7/13/20,580103,13025,2228889,0,0,0,0,640564,16081,2434379,0,0,0,0,58930,448,867842,0,0,0,0,61245,781,902298,0,0,0,0
7/14/20,670018,18158,2502753,0,0,0,0,645259,15937,2451956,0,0,0,0,68051,928,1003571,0,0,0,0,62301,748,916686,0,0,0,0
7/15/20,699119,17723,2737710,0,0,0,0,652725,16037,2477327,0,0,0,0,68090,974,1035095,0,0,0,0,63440,770,924527,0,0,0,0
7/16/20,759897,18673,2850563,0,0,0,0,663469,16206,2503167,0,0,0,0,75866,955,1028697,0,0,0,0,65348,760,926988,0,0,0,0
7/17/20,734338,21232,2875256,0,0,0,0,667967,16810,2527267,0,0,0,0,72236,925,1047051,0,0,0,0,65945,776,931512,0,0,0,0
7/18/20,712168,19771,2617227,0,0,0,0,676417,17392,2557088,0,0,0,0,62536,859,911598,0,0,0,0,66305,794,941715,0,0,0,0
7/19/20,642986,14078,2245078,0,0,0,0,685518,17523,2579639,0,0,0,0,60456,485,718130,0,0,0,0,66595,796,944569,0,0,0,0
7/20/20,631101,12159,2400242,0,0,0,0,692804,17399,2604118,0,0,0,0,62107,563,907677,0,0,0,0,67049,813,950260,0,0,0,0
7/21/20,706389,19293,2741422,0,0,0,0,698000,17561,2638214,0,0,0,0,64461,1085,1036058,0,0,0,0,66536,835,954901,0,0,0,0
7/22/20,846378,22173,2935988,0,0,0,0,719037,18197,2666539,0,0,0,0,70579,1223,1109365,0,0,0,0,66892,871,965511,0,0,0,0
7/23/20,856760,19981,2953465,0,0,0,0,732874,18384,2681240,0,0,0,0,68445,1070,1083534,0,0,0,0,65831,887,973345,0,0,0,0
7/24/20,851305,19480,2955399,0,0,0,0,749584,18134,2692689,0,0,0,0,73319,1106,1074390,0,0,0,0,65986,913,977250,0,0,0,0
7/25/20,767044,18501,2722769,0,0,0,0,757423,17952,2707766,0,0,0,0,64953,932,881777,0,0,0,0,66331,923,972990,0,0,0,0
7/26/20,642960,13043,2252892,0,0,0,0,757420,17804,2708882,0,0,0,0,54816,531,677203,0,0,0,0,65526,930,967143,0,0,0,0
7/27/20,691783,15744,2549553,0,0,0,0,766088,18316,2730213,0,0,0,0,56783,1127,797322,0,0,0,0,64765,1011,951378,0,0,0,0
7/28/20,764864,20276,2836209,0,0,0,0,774442,18457,2743754,0,0,0,0,66412,1332,967186,0,0,0,0,65044,1046,941540,0,0,0,0
7/29/20,884219,21162,2998052,0,0,0,0,779848,18312,2752620,0,0,0,0,71873,1411,1040057,0,0,0,0,65229,1073,931638,0,0,0,0
7/30/20,850692,20037,3104617,0,0,0,0,778981,18320,2774213,0,0,0,0,67466,1235,1037797,0,0,0,0,65089,1096,925105,0,0,0,0
7/31/20,882464,19847,3130990,0,0,0,0,783432,18373,2799297,0,0,0,0,68712,1237,989942,0,0,0,0,64431,1115,913041,0,0,0,0
8/1/20,750381,18309,2616871,0,0,0,0,781052,18345,2784169,0,0,0,0,56201,1087,792369,0,0,0,0,63180,1137,900268,0,0,0,0
8/2/20,696792,13273,2262106,0,0,0,0,788742,18378,2785485,0,0,0,0,45568,437,624159,0,0,0,0,61859,1124,892690,0,0,0,0
8/3/20,635725,15319,2428872,0,0,0,0,780734,18318,2768245,0,0,0,0,45501,583,776357,0,0,0,0,60248,1046,889695,0,0,0,0
8/4/20,785637,21094,2990305,0,0,0,0,783701,18434,2790259,0,0,0,0,58774,1282,882793,0,0,0,0,59156,1039,877639,0,0,0,0
8/5/20,840876,22603,3108540,0,0,0,0,777510,18640,2806043,0,0,0,0,54466,1439,965040,0,0,0,0,56670,1043,866922,0,0,0,0
8/6/20,868137,20783,3259083,0,0,0,0,780002,18747,2828110,0,0,0,0,59349,1239,989683,0,0,0,0,55510,1043,860049,0,0,0,0
8/7/20,860989,20202,3333961,0,0,0,0,776934,18798,2857105,0,0,0,0,59303,1241,1015037,0,0,0,0,54166,1044,863634,0,0,0,0
8/8/20,781643,18319,2909138,0,0,0,0,781400,18799,2898858,0,0,0,0,54134,1076,815481,0,0,0,0,53871,1042,866936,0,0,0,0
8/9/20,679187,14467,2695947,0,0,0,0,778885,18970,2960835,0,0,0,0,45769,523,626494,0,0,0,0,53899,1055,867269,0,0,0,0
8/10/20,696834,17344,2633075,0,0,0,0,787615,19259,2990007,0,0,0,0,47606,634,784611,0,0,0,0,54200,1062,868448,0,0,0,0
8/11/20,783521,19939,3163117,0,0,0,0,787312,19094,3014694,0,0,0,0,48003,1025,908803,0,0,0,0,52661,1025,872164,0,0,0,0
8/12/20,843799,20981,3467131,0,0,0,0,787730,18862,3065922,0,0,0,0,56040,1505,1028171,0,0,0,0,52886,1035,881183,0,0,0,0
8/13/20,885459,20651,3496796,0,0,0,0,790205,18843,3099881,0,0,0,0,51316,1064,979814,0,0,0,0,51739,1010,879773,0,0,0,0
8/14/20,928067,20133,3636397,0,0,0,0,799787,18833,3143086,0,0,0,0,65336,1337,960875,0,0,0,0,52601,1023,872036,0,0,0,0
8/15/20,753372,18269,3235270,0,0,0,0,795748,18826,3189676,0,0,0,0,46951,1000,767576,0,0,0,0,51574,1013,865192,0,0,0,0
8/16/20,651420,13953,2698311,0,0,0,0,791782,18753,3190014,0,0,0,0,39212,616,572546,0,0,0,0,50638,1026,857485,0,0,0,0
8/17/20,645499,13699,2879057,0,0,0,0,784448,18232,3225154,0,0,0,0,36652,493,676356,0,0,0,0,49073,1006,842020,0,0,0,0
8/18/20,788621,21804,3459236,0,0,0,0,785177,18499,3267457,0,0,0,0,45033,1226,894840,0,0,0,0,48649,1034,840025,0,0,0,0
8/19/20,856972,21621,3701140,0,0,0,0,787059,18590,3300887,0,0,0,0,47320,1337,1004587,0,0,0,0,47403,1010,836656,0,0,0,0
8/20/20,837856,19375,3747551,0,0,0,0,780258,18408,3336709,0,0,0,0,44041,1104,995902,0,0,0,0,46364,1016,838955,0,0,0,0
8/21/20,805678,17380,3216070,0,0,0,0,762774,18014,3276662,0,0,0,0,48843,1088,964971,0,0,0,0,44007,981,839540,0,0,0,0
8/22/20,803557,17518,3070227,0,0,0,0,769943,17907,3253085,0,0,0,0,43064,911,794173,0,0,0,0,43452,968,843339,0,0,0,0
8/23/20,629136,12851,2715788,0,0,0,0,766760,17750,3255581,0,0,0,0,34247,545,561655,0,0,0,0,42743,958,841783,0,0,0,0
8/24/20,703535,14604,2819007,0,0,0,0,775051,17879,3247003,0,0,0,0,36482,475,666261,0,0,0,0,42719,955,840341,0,0,0,0
8/25/20,749712,20106,3562843,0,0,0,0,769492,17636,3261804,0,0,0,0,40354,1230,905024,0,0,0,0,42050,956,841796,0,0,0,0
8/26/20,867837,19729,3764554,0,0,0,0,771044,17366,3270863,0,0,0,0,45172,1162,1017309,0,0,0,0,41743,931,843614,0,0,0,0
8/27/20,881296,18806,3904790,0,0,0,0,777250,17285,3293326,0,0,0,0,45393,1115,1019795,0,0,0,0,41936,932,847027,0,0,0,0
8/28/20,875693,17724,3794659,0,0,0,0,787252,17334,3375981,0,0,0,0,46832,978,986447,0,0,0,0,41649,917,850095,0,0,0,0
8/29/20,804743,16952,3412351,0,0,0,0,787422,17253,3424856,0,0,0,0,42754,915,798161,0,0,0,0,41605,917,850665,0,0,0,0
8/30/20,674574,13033,3122531,0,0,0,0,793913,17279,3482962,0,0,0,0,34404,441,614162,0,0,0,0,41627,902,858166,0,0,0,0
8/31/20,821820,13341,3228824,0,0,0,0,810811,17099,3541507,0,0,0,0,35362,541,661157,0,0,0,0,41467,912,857436,0,0,0,0
9/1/20,814847,20217,3763591,0,0,0,0,820116,17115,3570186,0,0,0,0,41846,1029,906397,0,0,0,0,41680,883,857633,0,0,0,0
9/2/20,875096,19254,4076178,0,0,0,0,821153,17047,3614703,0,0,0,0,41018,1073,1025984,0,0,0,0,41087,870,858872,0,0,0,0
9/3/20,869997,18400,4290425,0,0,0,0,819539,16989,3669794,0,0,0,0,44251,1031,1031778,0,0,0,0,40924,858,860584,0,0,0,0
9/4/20,971560,17927,4109352,0,0,0,0,833234,17018,3714750,0,0,0,0,50382,957,998353,0,0,0,0,41431,855,862285,0,0,0,0
9/5/20,827799,15583,3528731,0,0,0,0,836528,16822,3731376,0,0,0,0,43158,762,815828,0,0,0,0,41489,833,864808,0,0,0,0
9/6/20,706001,12311,3169340,0,0,0,0,841017,16719,3738063,0,0,0,0,31218,472,565103,0,0,0,0,41034,838,857800,0,0,0,0
9/7/20,693148,28928,2869199,0,0,0,0,822635,18946,3686688,0,0,0,0,23613,295,414205,0,0,0,0,39355,803,822521,0,0,0,0
9/8/20,751393,15546,3746277,0,0,0,0,813571,18278,3684215,0,0,0,0,27226,455,662821,0,0,0,0,37267,721,787725,0,0,0,0
9/9/20,882819,19024,4166224,0,0,0,0,814674,18246,3697078,0,0,0,0,34049,1161,958033,0,0,0,0,36271,733,778017,0,0,0,0
9/10/20,932325,18239,4341797,0,0,0,0,823578,18223,3704417,0,0,0,0,36056,919,1086338,0,0,0,0,35100,717,785812,0,0,0,0
9/11/20,998675,18326,4406950,0,0,0,0,827451,18280,3746931,0,0,0,0,47769,1164,1099234,0,0,0,0,34727,747,800223,0,0,0,0
9/12/20,883479,15278,3853409,0,0,0,0,835406,18236,3793314,0,0,0,0,41101,711,865092,0,0,0,0,34433,740,807261,0,0,0,0
9/13/20,744444,11901,3282770,0,0,0,0,840898,18177,3809518,0,0,0,0,34372,423,627234,0,0,0,0,34884,733,816137,0,0,0,0
9/14/20,834951,13841,3594442,0,0,0,0,861155,16022,3913124,0,0,0,0,34423,432,707986,0,0,0,0,36428,752,858105,0,0,0,0
9/15/20,886553,20169,4161867,0,0,0,0,880464,16683,3972494,0,0,0,0,39492,1198,966261,0,0,0,0,38180,858,901454,0,0,0,0
9/16/20,949432,18279,4429293,0,0,0,0,889980,16576,4010075,0,0,0,0,39030,962,1138269,0,0,0,0,38892,830,927202,0,0,0,0
9/17/20,984411,17130,4467740,0,0,0,0,897421,16418,4028067,0,0,0,0,45130,858,1157123,0,0,0,0,40188,821,937314,0,0,0,0
9/18/20,1022732,17845,4501981,0,0,0,0,900857,16349,4041643,0,0,0,0,49282,891,1228433,0,0,0,0,40404,782,955771,0,0,0,0
9/19/20,905363,16310,3788223,0,0,0,0,903984,16496,4032331,0,0,0,0,42202,732,937875,0,0,0,0,40562,785,966169,0,0,0,0
9/20/20,780218,11936,3425305,0,0,0,0,909094,16501,4052693,0,0,0,0,38447,266,623753,0,0,0,0,41144,763,965671,0,0,0,0
9/21/20,878163,13347,3276129,0,0,0,0,915267,16431,4007220,0,0,0,0,51878,425,749269,0,0,0,0,43637,762,971569,0,0,0,0
9/22/20,891046,19074,4055226,0,0,0,0,915909,16274,3991985,0,0,0,0,39866,1029,1028259,0,0,0,0,43691,738,980426,0,0,0,0
9/23/20,870427,17315,4430030,0,0,0,0,904623,16137,3992091,0,0,0,0,39069,1056,1203536,0,0,0,0,43696,751,989750,0,0,0,0
9/24/20,1105304,20046,4643993,0,0,0,0,921893,16553,4017270,0,0,0,0,47103,900,1201523,0,0,0,0,43978,757,996093,0,0,0,0
9/25/20,1042456,18269,4860161,0,0,0,0,924711,16614,4068438,0,0,0,0,48295,940,1128556,0,0,0,0,43837,764,981824,0,0,0,0
9/26/20,897659,16941,4253136,0,0,0,0,923610,16704,4134854,0,0,0,0,44673,769,938356,0,0,0,0,44190,769,981893,0,0,0,0
9/27/20,780960,11585,3265062,0,0,0,0,923716,16654,4111962,0,0,0,0,37528,315,597038,0,0,0,0,44059,776,978077,0,0,0,0
9/28/20,816149,12457,3183960,0,0,0,0,914857,16527,4098795,0,0,0,0,33294,358,667200,0,0,0,0,41404,767,966353,0,0,0,0
9/29/20,874832,18404,4306273,0,0,0,0,912541,16431,4134659,0,0,0,0,43338,836,984324,0,0,0,0,41900,739,960076,0,0,0,0
9/30/20,1035513,20360,4604025,0,0,0,0,936125,16866,4159516,0,0,0,0,39443,958,1200819,0,0,0,0,41953,725,959688,0,0,0,0
10/1/20,1002245,26834,4949238,0,0,0,0,921402,17836,4203122,0,0,0,0,45650,869,1224080,0,0,0,0,41746,721,962910,0,0,0,0
10/2/20,945548,15610,4190991,0,0,0,0,907558,17456,4107526,0,0,0,0,54950,860,1192015,0,0,0,0,42697,709,971976,0,0,0,0
10/3/20,1037851,16578,3685174,0,0,0,0,927585,17404,4026389,0,0,0,0,48577,682,976580,0,0,0,0,43254,697,977437,0,0,0,0
10/4/20,818331,12236,3488646,0,0,0,0,932924,17497,4058330,0,0,0,0,35738,378,641224,0,0,0,0,42999,706,983749,0,0,0,0
10/5/20,955764,21414,3779082,0,0,0,0,952869,18777,4143347,0,0,0,0,39376,481,806594,0,0,0,0,43867,723,1003662,0,0,0,0
10/6/20,1030428,18221,4478905,0,0,0,0,975097,18750,4168009,0,0,0,0,45289,686,1226874,0,0,0,0,44146,702,1038312,0,0,0,0
10/7/20,1117323,18293,5110211,0,0,0,0,986784,18455,4240321,0,0,0,0,51056,923,1411650,0,0,0,0,45805,697,1068431,0,0,0,0
10/8/20,1156404,19576,5211405,0,0,0,0,1008807,17418,4277773,0,0,0,0,58599,989,1430432,0,0,0,0,47655,714,1097910,0,0,0,0
10/9/20,1163977,19259,5285436,0,0,0,0,1040011,17940,4434123,0,0,0,0,56384,969,1400134,0,0,0,0,47860,730,1127641,0,0,0,0
10/10/20,1144826,15092,4595309,0,0,0,0,1055293,17727,4564142,0,0,0,0,54953,657,1103560,0,0,0,0,48771,726,1145781,0,0,0,0
10/11/20,914248,12591,3703006,0,0,0,0,1068996,17778,4594765,0,0,0,0,45981,465,747638,0,0,0,0,50234,739,1160983,0,0,0,0
10/12/20,951487,12815,3781057,0,0,0,0,1068385,16550,4595047,0,0,0,0,41774,397,808963,0,0,0,0,50577,727,1161322,0,0,0,0
10/13/20,1029995,16758,4626254,0,0,0,0,1068323,16341,4616097,0,0,0,0,52231,801,1064299,0,0,0,0,51568,743,1138097,0,0,0,0
10/14/20,1243771,19455,5081405,0,0,0,0,1086387,16507,4611982,0,0,0,0,59778,987,1228683,0,0,0,0,52814,752,1111958,0,0,0,0
10/15/20,1333765,18993,5189208,0,0,0,0,1111724,16423,4608811,0,0,0,0,64880,842,1302462,0,0,0,0,53712,731,1093677,0,0,0,0
10/16/20,1348799,19884,5081278,0,0,0,0,1138127,16513,4579645,0,0,0,0,69147,948,1329196,0,0,0,0,55535,728,1083543,0,0,0,0
10/17/20,1220841,17533,4610926,0,0,0,0,1148987,16861,4581876,0,0,0,0,56759,761,1116183,0,0,0,0,55793,743,1085346,0,0,0,0
10/18/20,1041978,11316,3806487,0,0,0,0,1167234,16679,4596659,0,0,0,0,49367,487,770493,0,0,0,0,56277,746,1088611,0,0,0,0
10/19/20,1275643,15566,4089926,0,0,0,0,1213542,17072,4640783,0,0,0,0,67717,488,874957,0,0,0,0,59983,759,1098039,0,0,0,0
10/20/20,1278079,21021,5014248,0,0,0,0,1248982,17681,4696211,0,0,0,0,61956,923,1276727,0,0,0,0,61372,777,1128386,0,0,0,0
10/21/20,1476167,21193,5464813,0,0,0,0,1282182,17929,4750984,0,0,0,0,63301,1119,1479101,0,0,0,0,61875,795,1164160,0,0,0,0
10/22/20,1579640,18933,6033608,0,0,0,0,1317307,17921,4871612,0,0,0,0,76310,894,1531767,0,0,0,0,63508,803,1196918,0,0,0,0
10/23/20,1668278,22523,5992284,0,0,0,0,1362947,18298,5001756,0,0,0,0,81933,965,1465157,0,0,0,0,65335,805,1216341,0,0,0,0
10/24/20,1524113,18645,5027650,0,0,0,0,1406271,18457,5061288,0,0,0,0,82767,952,1179580,0,0,0,0,69050,833,1225397,0,0,0,0
10/25/20,1188705,13227,4137404,0,0,0,0,1427232,18730,5108562,0,0,0,0,62204,461,793387,0,0,0,0,70884,829,1228668,0,0,0,0
10/26/20,1678272,18263,4478978,0,0,0,0,1484751,19115,5164141,0,0,0,0,67310,533,953276,0,0,0,0,70826,835,1239856,0,0,0,0
10/27/20,1583390,24217,5256851,0,0,0,0,1528366,19572,5198798,0,0,0,0,76838,974,1339238,0,0,0,0,72952,843,1248787,0,0,0,0
10/28/20,1728500,23216,5641015,0,0,0,0,1564414,19861,5223970,0,0,0,0,79426,1034,1502652,0,0,0,0,75255,830,1252151,0,0,0,0
10/29/20,1871025,23145,5758208,0,0,0,0,1606040,20462,5184627,0,0,0,0,91019,1004,1484033,0,0,0,0,77357,846,1245332,0,0,0,0
10/30/20,1945468,25043,5872855,0,0,0,0,1645639,20822,5167566,0,0,0,0,99264,1059,1499921,0,0,0,0,79833,860,1250298,0,0,0,0
10/31/20,1604778,21605,5174602,0,0,0,0,1657163,21245,5188559,0,0,0,0,89754,924,1220740,0,0,0,0,80831,856,1256178,0,0,0,0
11/1/20,1549301,16383,4301368,0,0,0,0,1708676,21696,5211982,0,0,0,0,104900,499,900196,0,0,0,0,86930,861,1271437,0,0,0,0
11/2/20,1963838,20688,4454997,0,0,0,0,1749471,22042,5208557,0,0,0,0,85211,574,1016908,0,0,0,0,89487,867,1280527,0,0,0,0
11/3/20,1875999,31588,5262897,0,0,0,0,1791273,23095,5209420,0,0,0,0,127198,1575,1367074,0,0,0,0,96682,953,1284503,0,0,0,0
11/4/20,1687910,34117,5974489,0,0,0,0,1785474,24653,5257059,0,0,0,0,104541,1116,1631825,0,0,0,0,100270,964,1302957,0,0,0,0
11/5/20,2032324,26892,6034172,0,0,0,0,1808517,25188,5296483,0,0,0,0,129367,1159,1695238,0,0,0,0,105748,987,1333129,0,0,0,0
11/6/20,2183576,32466,6080697,0,0,0,0,1842532,26248,5326175,0,0,0,0,128033,1231,1676993,0,0,0,0,109858,1011,1358425,0,0,0,0
11/7/20,2025860,25128,5392918,0,0,0,0,1902687,26752,5357363,0,0,0,0,127510,1081,1455522,0,0,0,0,115251,1034,1391965,0,0,0,0
11/8/20,1614028,19455,4629161,0,0,0,0,1911934,27191,5404190,0,0,0,0,115170,573,1010820,0,0,0,0,116719,1044,1407769,0,0,0,0
11/9/20,1670917,24365,4734872,0,0,0,0,1870088,27716,5444172,0,0,0,0,120434,779,1223584,0,0,0,0,121750,1073,1437294,0,0,0,0
11/10/20,1860910,34011,5633918,0,0,0,0,1867932,28062,5497175,0,0,0,0,140504,1419,1538027,0,0,0,0,123651,1051,1461716,0,0,0,0
11/11/20,2170127,35108,5848897,0,0,0,0,1936820,28204,5479234,0,0,0,0,146750,1434,1790422,0,0,0,0,129681,1097,1484372,0,0,0,0
11/12/20,2158469,32424,6395261,0,0,0,0,1954841,28994,5530818,0,0,0,0,164750,1208,1852589,0,0,0,0,134736,1104,1506851,0,0,0,0
11/13/20,2163356,32506,6248272,0,0,0,0,1951952,29000,5554757,0,0,0,0,180398,1202,1904064,0,0,0,0,142217,1099,1539290,0,0,0,0
11/14/20,1955177,30038,5360904,0,0,0,0,1941855,29701,5550184,0,0,0,0,167926,1346,1598692,0,0,0,0,147990,1137,1559743,0,0,0,0
11/15/20,1554299,21486,4457842,0,0,0,0,1933322,29991,5525709,0,0,0,0,136356,778,1197702,0,0,0,0,151017,1167,1586440,0,0,0,0
11/16/20,1762924,27000,4960522,0,0,0,0,1946466,30368,5557945,0,0,0,0,162624,834,1490080,0,0,0,0,157044,1174,1624511,0,0,0,0
11/17/20,2036320,37639,5666947,0,0,0,0,1971525,30886,5562664,0,0,0,0,163958,1719,1904310,0,0,0,0,160395,1217,1676837,0,0,0,0
11/18/20,2070146,38200,6308096,0,0,0,0,1957242,31328,5628263,0,0,0,0,173251,1919,2098292,0,0,0,0,164180,1287,1720818,0,0,0,0
11/19/20,2151321,36720,6439579,0,0,0,0,1956220,31941,5634595,0,0,0,0,191510,2057,2074776,0,0,0,0,168003,1408,1752559,0,0,0,0
11/20/20,2195182,39785,6471980,0,0,0,0,1960767,32981,5666553,0,0,0,0,198333,1956,2148384,0,0,0,0,170565,1516,1787462,0,0,0,0
11/21/20,1910559,29620,5817458,0,0,0,0,1954393,32921,5731775,0,0,0,0,179436,1621,1855975,0,0,0,0,172210,1555,1824217,0,0,0,0
11/22/20,1570016,24004,4861563,0,0,0,0,1956638,33281,5789449,0,0,0,0,146947,1036,1422467,0,0,0,0,173723,1592,1856326,0,0,0,0
11/23/20,1695838,28968,5030536,0,0,0,0,1947055,33562,5799451,0,0,0,0,174089,1099,1672301,0,0,0,0,175361,1630,1882358,0,0,0,0
11/24/20,1930081,42837,5985253,0,0,0,0,1931878,34305,5844924,0,0,0,0,175544,2131,1968568,0,0,0,0,177016,1688,1891538,0,0,0,0
11/25/20,2069923,40407,6482013,0,0,0,0,1931846,34620,5869769,0,0,0,0,183403,2259,2222275,0,0,0,0,178466,1737,1909249,0,0,0,0
11/26/20,1907424,36802,5876561,0,0,0,0,1897003,34632,5789338,0,0,0,0,112526,1388,1506429,0,0,0,0,167183,1641,1828057,0,0,0,0
11/27/20,2215740,38563,5837739,0,0,0,0,1899940,34457,5698732,0,0,0,0,207933,1551,1510750,0,0,0,0,168554,1584,1736966,0,0,0,0
11/28/20,1877775,30668,5302586,0,0,0,0,1895257,34607,5625179,0,0,0,0,155661,1365,1347225,0,0,0,0,165158,1547,1664288,0,0,0,0
11/29/20,1552277,23752,4665394,0,0,0,0,1892723,34571,5597155,0,0,0,0,140328,1039,1151478,0,0,0,0,164212,1547,1625575,0,0,0,0
11/30/20,1621284,30157,4825988,0,0,0,0,1882072,34741,5567933,0,0,0,0,160321,1348,1463963,0,0,0,0,162245,1583,1595813,0,0,0,0
12/1/20,1965319,42589,5753834,0,0,0,0,1887106,34705,5534874,0,0,0,0,188339,2551,1841200,0,0,0,0,164073,1643,1577617,0,0,0,0
12/2/20,2091119,41982,5747822,0,0,0,0,1890134,34930,5429989,0,0,0,0,202894,2815,2095612,0,0,0,0,166857,1722,1559522,0,0,0,0
12/3/20,2229168,41659,5925455,0,0,0,0,1936097,35624,5436974,0,0,0,0,223421,2944,2145986,0,0,0,0,182700,1945,1650888,0,0,0,0
12/4/20,2185715,41833,6530071,0,0,0,0,1931808,36091,5535879,0,0,0,0,232644,2701,2116216,0,0,0,0,186230,2109,1737383,0,0,0,0
12/5/20,2052802,33598,5651810,0,0,0,0,1956812,36510,5585768,0,0,0,0,215811,2358,1690832,0,0,0,0,194823,2251,1786470,0,0,0,0
12/6/20,1709516,24584,4704735,0,0,0,0,1979275,36629,5591388,0,0,0,0,181253,1352,1292448,0,0,0,0,200669,2296,1806608,0,0,0,0
12/7/20,1637042,29155,4943092,0,0,0,0,1981526,36486,5608117,0,0,0,0,194409,1609,1538658,0,0,0,0,205539,2333,1817279,0,0,0,0
12/8/20,2060088,40951,5881132,0,0,0,0,1995064,36252,5626302,0,0,0,0,224452,2623,1911700,0,0,0,0,210698,2343,1827350,0,0,0,0
12/9/20,2146739,41580,6340590,0,0,0,0,2003010,36194,5710984,0,0,0,0,222648,3177,2120350,0,0,0,0,213520,2395,1830884,0,0,0,0
12/10/20,2179522,41892,6538134,0,0,0,0,1995918,36228,5798509,0,0,0,0,231428,2996,2176908,0,0,0,0,214664,2402,1835302,0,0,0,0
12/11/20,2261443,43457,5468239,0,0,0,0,2006736,36460,5646819,0,0,0,0,240089,3410,2051867,0,0,0,0,215727,2504,1826109,0,0,0,0
12/12/20,2031478,34703,4725469,0,0,0,0,2003690,36617,5514484,0,0,0,0,217797,2470,1718383,0,0,0,0,216011,2520,1830045,0,0,0,0
12/13/20,1695818,24885,4696044,259395,259395,0,172930,2001733,36660,5513243,37056,37056,0,24704,187971,1634,1245736,0,0,0,0,216971,2560,1823372,0,0,0,0
12/14/20,1658710,30380,4760490,172945,172945,0,5,2004828,36835,5487157,61763,61763,0,24705,194314,1653,1487896,0,0,0,0,216957,2566,1816120,0,0,0,0
12/15/20,2051137,46633,5583527,4760599,260599,0,1559154,2003550,37647,5444642,741848,98991,0,247441,208992,3115,1937833,0,0,0,0,214748,2636,1819853,0,0,0,0
12/16/20,2361995,45462,6549221,1739003,239003,0,6902,2034300,38202,5474446,990277,133135,0,248427,246644,3670,2068807,0,0,0,0,218176,2707,1812490,0,0,0,0
12/17/20,2380970,44175,6686484,1751543,251543,0,12540,2063079,38528,5495639,1240498,169069,0,250219,239900,3500,2042639,0,0,0,0,219387,2779,1793309,0,0,0,0
12/18/20,2318959,42871,6925258,1763463,263463,0,11920,2071295,38444,5703785,1492421,206707,0,251922,251832,2974,2012675,0,0,0,0,221064,2717,1787710,0,0,0,0
12/19/20,1959176,35443,6191728,3265807,265807,0,2224,2060966,38550,5913250,1958965,244679,0,252239,192102,2654,1700981,0,0,0,0,217394,2743,1785224,0,0,0,0
12/20/20,1689815,25518,5027730,6812013,3812013,0,2314712,2060109,38640,5960634,2895053,752196,0,558208,188015,1722,1270685,556208,556208,0,0,217400,2755,1788788,79458,79458,0,0
12/21/20,1745855,32122,5974539,6409494,3409494,0,272766,2072558,38889,6134070,3785989,1214560,0,597174,198703,1924,1519471,614117,614117,0,57909,218027,2794,1793299,167189,167189,0,8273
12/22/20,2099233,47412,7019559,6045463,3045463,0,198081,2079429,39000,6339217,3969541,1612398,0,402735,198107,3405,1978463,0,0,0,0,216472,2836,1799103,167189,167189,0,8273
12/23/20,2240808,45537,7628572,8120160,5120160,0,1079712,2062117,39011,6493410,4881135,2309706,0,555994,229624,3432,2266263,1008025,1008025,0,0,214040,2802,1827311,311193,311193,0,8273
12/24/20,2154137,38125,6516087,7406583,4406583,0,290629,2029712,38147,6469068,5688998,2903283,0,595721,194155,2898,1882457,0,0,0,0,207505,2716,1804428,311193,311193,0,8273
12/25/20,1495192,27845,4676767,7534675,4534675,0,131094,1912031,36000,6147855,6513456,3513456,0,612745,97880,1434,1068887,0,0,0,0,185512,2496,1669601,311193,311193,0,8273
12/26/20,1597820,24116,4347985,11471642,8471642,0,1992357,1860409,34382,5884463,7685719,4685719,0,897050,226416,1892,981084,1944585,1944585,0,0,190414,2387,1566759,588991,588991,0,8273
12/27/20,1377480,24358,4080043,11761285,8761217,68,1172805,1815789,34216,5749079,8392757,5392748,10,733921,155845,1436,936422,0,0,0,0,185819,2346,1519007,509532,509532,0,8273
12/28/20,1569692,32383,4810824,13850939,10838839,224,961165,1790623,34254,5582834,9455821,6454083,42,832263,174152,2008,1281866,2127143,2127143,0,0,182311,2358,1485063,725679,725679,0,0
12/29/20,2138050,50593,6006093,12622170,9608672,3156,899549,1796168,34708,5438053,10395351,7391684,493,932473,200408,3634,1855441,0,0,0,0,182640,2391,1467489,725679,725679,0,0
12/30/20,2480493,50405,6969708,17864273,14850963,3704,2434276,1830409,35404,5343930,11787367,8781799,1022,1125982,233701,3752,2184658,2794588,2794588,0,0,183222,2436,1455831,980902,980902,0,0
12/31/20,2338532,42883,6498600,26573626,12950809,4304,7014172,1856751,36083,5341431,14525516,10002402,1637,2086488,235600,3462,1917658,0,0,0,0,189143,2517,1460859,980902,980902,0,0
1/1/21,1712466,31783,4830552,22388388,13301107,4348,399719,1887790,36646,5363401,16647475,11254750,2258,2124863,153916,2155,1243010,0,0,0,0,197148,2620,1485734,980902,980902,0,0
1/2/21,1944044,27502,4029099,32461657,23373236,5540,4994630,1937251,37130,5317846,19646048,13383549,3049,2553759,300462,2515,1108276,4225756,4225756,0,0,207726,2709,1503904,1306784,1306784,0,0
1/3/21,1676398,24038,3934250,30391113,21302664,5536,1545139,1979954,37084,5297018,22307452,15175184,3830,2606950,208853,1453,1041536,0,0,0,0,215299,2711,1518921,1306784,1306784,0,0
1/4/21,1762741,33871,5240342,35990082,26826928,5795,2268814,2007532,37296,5358378,25470187,17459197,4626,2793757,184005,2093,1392811,4563260,4563260,0,0,216706,2723,1534770,1654801,1654801,0,0
1/5/21,2392728,51326,6342224,40961532,29355590,5983,4169502,2043915,37401,5406396,29518667,20280185,5030,3260893,235042,3710,1952643,4836469,4836469,0,273209,221654,2734,1548656,2345725,2345725,0,39030
1/6/21,2513194,48980,6959344,44073806,32058393,7405,3129093,2048586,37198,5404916,33262886,22738390,5559,3360153,255637,3904,2317840,5306797,5306797,0,470328,224788,2756,1567682,2704612,2704612,0,106220
1/7/21,2867197,49008,6984602,48161314,36032015,9476,3977876,2124110,38073,5474345,36346842,26035705,6298,2926396,278337,3993,2251363,5919418,5919418,0,612621,230893,2832,1615354,3550243,3550243,0,193737
1/8/21,2575526,49797,6838892,52758094,40223015,13781,4487801,2247404,40646,5761250,40685371,29881692,7645,3510408,295257,4110,2143636,6688231,6688231,0,768813,251085,3111,1744015,4505704,4505704,0,303567
1/9/21,2418415,41703,5873675,65205307,34290231,16826,10370510,2315171,42675,6024761,45363035,31441262,9257,4278391,260967,3325,1712309,0,0,0,0,245443,3227,1830305,3902025,3902025,0,303567
1/10/21,1859570,27569,4787705,62617677,41885682,1959072,3815811,2341339,43179,6146683,49966830,34381693,288334,4602772,213415,2003,1159228,0,0,0,0,246094,3305,1847119,3902025,3902025,0,303567
1/11/21,1985446,34118,5566761,79143102,57228880,1829395,7238291,2373154,43214,6193315,56131547,38724829,548848,5312698,214664,2107,1515864,8987322,8987322,0,0,250474,3307,1864698,4534034,4534034,0,303567
1/12/21,2269531,56417,9523171,83325126,60916413,1985083,4181896,2355554,43942,6647736,62183489,43233518,831577,5314468,226967,4476,2019830,9327138,9327138,0,339816,249321,3417,1874296,5175558,5175558,0,313083
1/13/21,2419485,54746,6898725,104185591,56620155,2215858,9684253,2342167,44765,6639076,70770887,46742342,1147070,6250920,230301,4013,2098331,10278462,0,0,951324,245701,3432,1842937,5885796,4417444,0,381796
1/14/21,2431835,50975,7265737,100840157,69827271,6487020,7884566,2279973,45046,6679238,78296436,51570235,2072434,6809018,235766,3988,2068743,11148991,9690757,1342086,870529,239620,3432,1816849,6632878,4956207,191727,418640
1/15/21,2449738,48908,6875806,109688169,76156600,7440495,8654832,2262003,44919,6684511,86429304,56703605,3133393,7404308,242780,3888,2028841,12279180,10595866,1610524,1130189,232123,3400,1800449,7431585,5514440,421801,470265
1/16/21,2024495,43607,5913894,100262813,67500402,5924605,3559341,2205729,45191,6690257,91437519,61447915,3977361,6431284,201858,3423,1580552,0,0,0,0,223679,3414,1781627,7431585,5514440,421801,470265
1/17/21,1670299,28524,4687737,102706714,69390985,6299374,2576721,2178690,45328,6675976,97164525,65377244,4597404,6254271,177931,1883,1065840,0,0,0,0,218610,3397,1768286,7431585,5514440,421801,470265
1/18/21,1680978,31781,5409410,108551982,74048350,6845608,4943177,2135194,44994,6653497,101365793,67780025,5314006,5926398,143598,1553,1284311,0,0,0,0,208457,3318,1735207,6147682,4230537,421801,470265
1/19/21,1959023,55911,6581460,136632668,97745428,10457493,12323663,2090836,44922,6233253,108981156,73041313,6524350,7089508,176216,2723,1802571,15707588,13595803,2023124,0,201207,3067,1704170,7059174,4840347,710819,421720
1/20/21,2253513,58501,7464722,170052335,104382358,11810667,18057649,2067126,45458,6314109,118390691,79864485,7895037,8285707,183261,4406,2122176,16525281,14270441,2161419,817693,194487,3123,1707576,7951577,6878981,1019593,402630
1/21/21,2119340,55294,7019224,164394648,111359694,13605623,9522734,2022484,46075,6278893,127469904,85797688,8911981,8519731,193856,4192,2039695,17546374,15053257,2394961,1021093,188500,3153,1703427,8865489,7645052,1170004,424139
1/22/21,2131399,52626,6980350,176033223,120563842,15313975,11344290,1977007,46606,6293828,136947769,92141580,10036764,8903939,190760,3846,1913868,19107959,16243093,2756953,1561585,181069,3147,1687002,9841029,8451799,1333780,485767
1/23/21,1808917,43574,6537244,184441227,126842520,16656121,9463807,1946210,46602,6382878,148973257,100619025,11569837,9747434,170759,3346,1541743,20537990,17390345,3027865,1430031,176626,3136,1681458,12775027,10936134,1766332,690057
1/24/21,1416764,29267,4905510,193854899,134128480,18113212,7931435,1909991,46708,6413989,161994426,109867239,13257528,10512394,131198,1892,998100,21848655,18502131,3216836,1310665,169950,3137,1671781,15896264,13579296,2225880,877295
1/25/21,1631356,36988,5424479,201950813,140481314,19821567,8420493,1902902,47452,6416141,175337116,119357662,15111237,11009153,151677,1976,1225905,22734243,19252279,3346390,885588,171104,3197,1663437,19144013,16329621,2703935,1003808
1/26/21,1798848,56892,6480206,210425923,146081143,21720105,8297206,1880020,47592,6401676,185879010,126262764,16720181,10433945,147626,4009,1772504,23540994,19902237,3481921,806751,167020,3381,1659142,20263071,17230540,2912335,1119058
1/27/21,1955040,55480,6810739,259481496,154142371,24122946,26032821,1837381,47160,6308250,198654604,133371338,18479078,11573255,153961,3967,2053961,24652634,20687970,3801053,1111640,162834,3318,1649397,21424121,18147330,3146568,1161050
1/28/21,1992189,55779,6856387,249865496,162869853,27215210,13437483,1819216,47229,6284988,210864725,140729932,20423305,12132505,168804,4007,1896181,26193682,21698606,4263056,1541048,159255,3292,1628895,22659451,19096666,3413439,1235330
1/29/21,1912755,50101,7111222,261559798,170450776,29959271,13139578,1787981,46869,6303684,223082807,147856637,22515490,12388975,166613,3617,1832510,27884661,22858318,4780888,1690979,155805,3259,1617272,23913266,20041698,3702573,1253815
1/30/21,1649246,43453,5800783,273530738,178870232,32662951,11539077,1765171,46851,6198475,235809880,155289167,24802180,12685442,142459,2783,1430981,29577902,24064165,5259693,1693241,151763,3179,1601449,25204682,20995101,4021405,1291416
1/31/21,1212578,27096,4831444,310501586,186405362,35353088,11981898,1736002,46541,6187894,252473693,162757293,27265020,13264079,112152,1858,943955,31123299,25201143,5657142,1545397,149042,3174,1593714,26529631,21952103,4370020,1324949
2/1/21,1462953,35455,5168289,295818741,192284353,37830205,9259020,1711944,46322,6151296,265883397,170157727,29837682,13383869,134975,2071,1031948,32222402,26023153,5927847,1099103,146656,3187,1566006,27885082,22919370,4738800,1355451
2/2/21,1489911,50383,6149094,304247013,197774131,39929703,8366972,1667810,45392,6103994,279286410,177542440,32439053,13393836,115303,3435,1632009,32780860,26440836,6064792,558458,142038,3105,1545935,29205063,23853456,5107782,1319981
2/3/21,1703435,52167,6917418,361918151,205352491,43447247,26157641,1631867,44919,6119234,293920218,184858171,35199668,13411667,121691,3907,1868926,33878254,27154956,6436931,1097394,137428,3097,1519501,30523009,24777311,5484336,1317946
2/4/21,1508538,42024,6926048,345594626,214881630,47411959,14758462,1562774,42954,6129185,307595808,192288425,38084918,13600378,124006,3736,1928044,35203710,27905197,6926050,1325456,131028,3058,1524053,31810155,25663967,5864763,1287147
2/5/21,1753128,55617,6255295,356593766,222124295,50196574,13090684,1539970,43742,6006910,321172089,199670356,40975961,13593393,134422,3666,1828575,36819212,28909497,7503864,1615502,126430,3065,1523491,33086520,26528421,6253760,1276364
2/6/21,1201704,33277,5475985,369347242,230218804,53791598,13310424,1476035,42288,5960510,334860161,207005867,43994339,13846443,104176,2670,1332893,39037964,30250964,8317180,2218752,120961,3049,1509479,34437957,27412249,6690544,1351437
2/7/21,1262671,26007,4379148,382745092,239437523,58511388,10960409,1483191,42133,5895897,345180662,214581890,47302668,13700516,89746,1437,828581,41210937,31579100,9147185,2172973,117760,2989,1492997,35879048,28323386,7189121,1441091
2/8/21,1032113,29962,4845892,391296029,243866174,60762486,10059716,1421643,41348,5849840,358820274,221950721,50578708,13814901,90438,1620,1042091,42417617,32340146,9518015,1206680,111397,2924,1494446,37335508,29225814,7702002,1456459
2/9/21,1374352,52273,5880625,462475996,251887342,64160687,29378716,1405134,41618,5811487,381424415,229681180,54040277,16816579,95265,3073,1691545,43206190,32867213,9840429,788573,108535,2873,1502951,38824841,30143868,8241379,1489333
2/10/21,1423096,45146,5980401,437188496,261812425,67841960,15026039,1365086,40615,5677628,392177321,237746885,57525236,15226350,95250,3296,1637637,44769970,33783384,10469514,1563780,104758,2785,1469909,40380800,31090786,8817462,1555959
2/11/21,1436709,44459,6262066,452942626,271938606,73139479,15373289,1354825,40963,5582773,407512750,245897881,61200596,15314182,105764,3228,1414887,46390270,34723964,11188782,1620300,102152,2713,1396601,41978880,32064895,9426424,1598080
2/12/21,1389710,42629,5981923,467221787,289145901,77570901,17400579,1302908,39108,5543720,423316753,255472396,65111214,15929882,99670,2910,1411757,48410558,35834855,12085830,2020288,97187,2605,1337056,43634787,33054232,10080991,1655907
2/13/21,1201346,32804,5184500,484118206,299418697,82570529,14996308,1302857,39040,5502079,439712605,265358095,69222490,16170722,87219,2187,1101327,50641884,37056122,13082172,2231326,94765,2536,1303975,45292489,34026398,10761704,1657703
2/14/21,942285,20986,4187579,488312629,302226582,88621026,11957921,1257087,38323,5474712,454793681,274327961,73523867,16313224,65135,1164,663815,52884356,38292270,14077440,2242472,91249,2497,1280437,46960121,34985422,11466026,1667631
2/15/21,917058,24417,4768627,455853949,277860712,76797686,8520426,1240651,37531,5463674,464016241,279184324,75814610,16093325,54279,959,797914,0,0,0,0,86083,2402,1245555,40900461,30365401,10106310,1495248
2/16/21,1140966,37964,5726932,525884245,327529221,96134937,15657784,1207310,35486,5441718,473074563,289990306,80382360,14133192,62498,1751,1249575,55220364,39670551,15015434,0,81402,2214,1182416,42616772,31337307,10845596,1382595
2/17/21,1295832,38884,6095837,541918463,337447049,101161529,15440010,1189129,34592,5458209,488035986,300795253,85142298,14192331,70139,2409,1469994,56281827,40268009,15471536,1061463,77815,2087,1158467,44261323,32263682,11560171,1310836
2/18/21,1323720,38191,6286495,561283454,348530395,106912025,19270180,1172988,33696,5461699,503513248,311736937,89966948,14749030,69911,2529,1414231,57737767,41021049,16162358,1455940,72693,1987,1158373,45882394,33163265,12270681,1287356
2/19/21,1351200,38023,6349553,571334639,361837573,111987213,17221129,1167487,33038,5514218,518386512,322121461,94883564,14723394,79282,2612,1353238,59585043,41977401,17039118,1847276,69780,1944,1150013,47478749,34040772,12978294,1262640
2/20/21,1203496,28090,5878096,589160426,373912630,117421949,13525925,1167794,32365,5613303,533392544,332763452,99862338,14513339,71696,1823,1057427,61289500,42809595,17895667,1704457,67563,1892,1143742,48999837,34862696,13665936,1187373
2/21/21,1020995,20148,4644081,597753208,377044837,122845214,10910077,1179038,32245,5678517,549026912,343451774,104751508,14363647,57152,1232,683444,63090634,43628092,18865319,1801134,66422,1902,1146546,50457876,35624957,14349919,1124324
2/22/21,931934,24454,5274010,612988230,387865970,126442328,11198334,1181163,32251,5750715,571474666,359166811,111843599,14746206,56159,1325,1038567,64177474,44138118,19438495,1086840,66691,1954,1180925,59626087,41930402,17126847,1279587
2/23/21,1266900,38054,6260848,626604629,405586684,137427909,13815184,1199154,32263,5826989,585863293,370317877,117742595,14482977,72270,2282,1642747,65032083,44544969,19882544,854609,68087,2030,1237093,61027761,42626748,17822148,1401674
2/24/21,1467362,39884,6599479,647886459,416046624,141556866,17254725,1223658,32406,5898937,601001578,381546388,123513358,14742222,74749,3169,1686445,66464947,45237143,20607261,1432864,68746,2139,1268014,62482493,43336624,18555823,1454731
2/25/21,1471528,34072,6764285,663255277,425665191,147275189,19183128,1244774,31818,5967193,615568981,392565644,129279524,14729786,77504,2450,1610809,68274117,46074392,21555117,1809170,69830,2128,1296097,63987685,44058530,19326217,1505193
2/26/21,1455925,34931,6673626,679922420,435197166,154267960,19864317,1259734,31376,6013489,631081521,403045586,135319631,15107384,77349,2067,1475123,70454064,47184199,22613359,2179947,69554,2050,1313509,65540403,44802358,20122537,1552717
2/27/21,1277419,27536,6053402,697183079,446276421,159029165,16888543,1270295,31297,6038533,646513329,413383270,141263519,15587758,64626,1518,1074085,72806180,48435536,23698627,2352116,68544,2006,1315889,67185643,45606064,20951532,1645240
2/28/21,998990,19452,4686016,791632940,457838979,166057930,37780679,1267151,31198,6044524,674210433,424925291,147436764,19426416,51422,1091,632742,75236003,49772180,24779920,2429823,67726,1986,1308645,68920695,46483791,21796475,1735053
3/1/21,987339,25760,5381587,753162680,466938913,169748266,14983107,1275066,31384,6059892,694235355,436221425,153623326,19967098,58098,1521,993084,76899987,50732997,25466405,1663984,68003,2014,1302148,70738197,47425917,22657605,1817502
3/2/21,962728,33706,6720239,787260230,492742958,177422319,27542221,1231613,30763,6125519,717186155,448672322,159336814,21928103,57098,1957,1610682,78631601,51755447,26162122,1731614,65835,1968,1297567,72680986,48455985,23554687,1942788
3/3/21,1461990,37961,7043997,809563430,507713934,185410338,22596366,1230846,30488,6189022,740282865,461767652,165601595,22691194,67191,2468,1735765,80540474,52855579,26957804,1908873,64755,1867,1304613,74691775,49544333,24461908,2010790
3/4/21,1494768,33186,7192367,838309295,525604177,191831649,26318601,1234166,30362,6250176,765290582,476044650,171966804,23710548,68060,1941,1551558,82572848,54035670,27795980,2032374,63406,1795,1296148,76734451,50681658,25353460,2042676
3/5/21,1476389,34804,7184938,854794051,538490081,197721751,25485905,1237089,30344,6323221,790272244,490800780,178174488,24513632,66419,1783,1429961,85008094,55547697,28701201,2435246,61845,1754,1289697,78813598,51876444,26223151,2079147
3/6/21,1350705,25881,6136758,865402539,545491420,201637236,22836887,1247558,30107,6335129,814303595,504974352,184261356,25363395,58254,1506,1066023,87912323,57358849,29776160,2904229,60935,1752,1288545,80971619,53151203,27091370,2158020
3/7/21,1203735,18837,4930762,889826311,559879716,206494361,15861393,1276808,30019,6370093,828331219,519551600,190037989,22232069,41073,699,608662,90351750,58873710,30686881,2439427,59456,1696,1285105,83131011,54451421,27935222,2159392
3/8/21,963354,23315,5450088,912084641,578156607,213710282,21044603,1273381,29670,6379878,851034357,535439842,196318277,23097997,44917,738,975919,92089852,60005231,31493040,1738102,57573,1585,1282653,85300992,55776026,28796170,2169981
3/9/21,1365166,34627,6214295,936441115,596848286,218977596,21590228,1330872,29802,6307601,872345912,550312032,202254745,22247712,57667,1809,1539426,93692598,61088527,32102061,1602746,57654,1563,1272473,87452563,57109323,29644732,2151571
3/10/21,1560244,32734,7176518,970650878,620443465,229078252,26332944,1344909,29055,6326532,895358404,566416250,208493018,22781509,57895,1572,1612122,95721290,62451150,32904161,2028692,56326,1435,1254810,89621251,58480119,30494212,2168688
3/11/21,1578151,33006,7331175,1004284553,640667463,237920399,25924860,1356821,29029,6346362,919069155,582853863,215077125,22725260,62471,1553,1496168,98203893,64071674,33863127,2482603,55528,1380,1246897,91854257,59913834,31360947,2233006
3/12/21,1615632,32678,7322298,1017670364,651354948,244533958,30537313,1376712,28725,6365985,942337200,598977415,221764583,23446890,61513,1565,1397803,101128005,65965305,35000159,2924112,54827,1349,1242303,94157102,61402064,32260798,2302844
3/13/21,1507203,26979,5801860,1048030520,674287063,254288978,30999150,1399069,28882,6318142,968426912,617376793,229286261,24612927,53031,1006,1024404,105703501,68884011,36929777,4575496,54081,1277,1236358,96698698,63048515,33282744,2541597
3/14/21,1196248,19223,4896156,1151545831,685351131,256410440,37957227,1398000,28937,6313199,1005815415,635301280,236417129,27769475,38278,578,578755,107060274,69784210,37459269,1356773,53682,1260,1232085,99085630,64607158,34250228,2386932
3/15/21,1130907,24393,6271698,1123746660,710083022,268758479,29522648,1421936,29091,6430571,1036052846,654147911,244281157,28980624,56541,757,945880,109081860,71054445,38335432,2021586,55342,1263,1227794,101513060,66185617,35227712,2427430
3/16/21,1566485,34361,7166119,1140102790,716677693,272876652,25518279,1450696,29053,6566546,1065147371,671266398,251981023,29541774,54008,1188,1494866,110737856,72135616,39042345,1655996,54820,1174,1221428,103948097,67763773,36219181,2435037
3/17/21,1783737,33220,7859915,1186857222,751034449,290170226,30896971,1482623,29123,6664174,1096033991,689922253,260708447,30193778,59280,1216,1614367,113037627,73669956,39989196,2299771,55017,1123,1221749,106421859,69366460,37231329,2473762
3/18/21,1845744,35704,7622272,1215355051,772270868,297002712,30405552,1520851,29508,6705760,1126186920,708722739,269148778,30833877,60375,1660,1472701,115730008,75495716,40981464,2692381,54718,1139,1218397,108925590,70998466,38248235,2503731
3/19/21,1853594,35634,7196690,1249464122,790117090,306835432,36474805,1554845,29931,6687816,1159300314,728545902,278048988,31682090,61651,1147,1341825,118313818,77230061,41934629,2583810,54738,1079,1210400,111380706,72607716,39238873,2455116
3/20/21,1649810,27962,6148796,1376572058,820383114,314104687,49597427,1575218,30071,6737378,1206234819,749416767,286594090,34338987,55519,737,988852,121441497,79367225,43036818,3127679,55093,1040,1205321,113628991,74105318,40111308,2248285
3/21/21,1397013,18960,5141904,1311135597,825154475,317513255,18448084,1603899,30033,6772485,1229033357,769388673,295323063,31551967,33822,447,613161,124481412,81415769,44141228,3039915,54457,1022,1210236,116117725,75766970,41065873,2488734
3/22/21,1363299,26610,5650590,1444020875,856126148,327357338,42400728,1637097,30350,6683755,1274786816,790251977,303694329,33391692,51436,722,972622,126509736,82772416,44910946,2028324,53727,1017,1214056,118607422,77440966,42005232,2489697
3/23/21,1682631,37409,7115750,1478321294,869116103,334828680,39378748,1653690,30786,6676560,1323103746,812028892,312544619,35371759,53688,877,1525025,128217029,83930495,45533962,1707293,53682,972,1218365,121104447,79125948,42932606,2497025
3/24/21,2108164,33858,8085678,1515813143,896184854,341741633,42474202,1700036,30877,6708811,1370097449,832764665,319911962,37025649,86938,1511,1651973,130473853,85472166,46365515,2256824,57633,1014,1223737,123595336,80811978,43843509,2490889
3/25/21,2159504,38095,8189537,1565948015,919677421,351178277,49849202,1744859,31218,6789849,1420182158,853822744,327651329,39803314,67546,1403,1442892,133305295,87343622,47419832,2831442,58657,978,1219479,126106091,82504536,44763276,2510755
3/26/21,2119144,42204,7912337,1626346602,947820301,364730636,56863959,1782795,32157,6892085,1474022512,876351774,335922072,42716050,77377,1151,1370739,136684688,89559225,48695172,3379393,60904,978,1223609,128730501,84265845,45729068,2624410
3/27/21,1927154,32376,6789541,1656938970,959931853,366947324,45392219,1822416,32787,6983620,1514074928,896287308,343471020,42115306,62842,791,997472,140180735,91707729,50141769,3496047,61950,986,1224841,131407535,86028775,46744061,2677034
3/28/21,1540272,23089,6685150,1677417343,960960607,366188647,33982930,1842881,33377,7204083,1566400892,915688184,350424648,44334570,43223,525,622184,143462691,93631163,51593564,3281956,63293,997,1226130,134119147,87773831,47808680,2711611
3/29/21,1475720,27486,6822911,1745028730,1000819894,387071026,42164900,1858941,33502,7371558,1609402014,936358719,358955175,44300880,69273,709,1004976,145812835,95015762,52614231,2350144,65841,995,1230752,136876732,89522880,48909149,2757586
3/30/21,1867697,39192,7629641,1792170206,1017535338,397945776,39958950,1885379,33757,7444971,1654237573,957561467,367971903,44383766,61429,885,1529068,147602345,96044046,53423486,1789510,66947,996,1231329,139646063,91253388,50036224,2769331
3/31/21,2265245,41467,8610913,1866776979,1068361254,413717732,56292799,1907819,34844,7520004,1704375264,982158095,378254203,46357851,66765,1077,1576095,150273292,97593290,54607041,2670947,64065,934,1220489,142474554,92984977,51213585,2828491
4/1/21,2339442,40006,8445402,1901149841,1073793349,421513429,61939312,1933525,35117,7556556,1752261239,1004174657,388302081,48085010,79119,1077,1437775,153631404,99565311,56089614,3358112,65718,888,1219758,145378284,94730932,52452125,2903730
4/2/21,2071099,34525,7223639,1977980903,1114726308,434989896,63415840,1926661,34020,7458171,1802494710,1028018372,398339119,49020993,69887,952,1340694,157606463,101804762,57984785,3975059,64648,859,1215466,148367109,96480295,53779213,2988825
4/3/21,1699546,29464,6897076,2011685587,1134699981,440834859,42240080,1894146,33604,7473533,1853172798,1052985247,408894481,48570687,63261,739,968021,161688422,104213478,59858146,4081959,64708,852,1211259,151439636,98266830,55167267,3072527
4/4/21,1825902,23874,5599962,2057674682,1162112776,448823642,38325493,1934950,33716,7318506,1907495275,1081721271,420699480,49191053,35133,297,562920,165053746,106214924,61416536,3365324,63552,819,1202793,154524072,100064510,56570548,3084436
4/5/21,1544125,24815,5335238,2103229239,1188471330,459342322,40304976,1944722,33335,7105982,1958666777,1108528619,431023951,48925350,77404,518,944718,167187795,107515428,62392065,2134049,64714,792,1194184,157577638,101850177,57967382,3053566
4/6/21,1901513,39803,7729797,2154050110,1216512937,472037736,47796015,1949553,33422,7120290,2010363906,1136953991,441608517,50044931,60674,861,1547487,168592075,108301234,63016976,1404280,64606,789,1196816,160576171,103601204,59337880,2998533
4/7/21,2175021,49287,8693276,2208399819,1250241245,482790079,55059879,1936664,34539,7132056,2059167169,1162936847,451475995,49868799,75021,2593,1660663,171476655,109995734,64422618,2884580,65786,1005,1208897,163605223,105372982,60740106,3029052
4/8/21,2757319,48232,8418570,2290335267,1296316707,500810096,70837137,1996361,35714,7128223,2114765087,1194725898,462804090,51139917,79894,1025,1509864,174879716,112046611,66203123,3403061,65896,998,1219195,166640696,107156024,62184893,3035473
4/9/21,2383526,44744,8187020,2331470216,1311137021,509823668,65083772,2040993,37174,7265848,2165263560,1222784571,473494629,51378193,82710,896,1446049,178837781,114436039,68202458,3958065,67728,990,1234246,169673741,108960493,63644560,3033045
4/10/21,2103474,40690,7207089,2400274587,1353001362,528287154,55305149,2098697,38778,7310136,2220776274,1253970483,485987814,53244632,66687,712,1008707,183467709,117142879,70692645,4629928,68218,986,1240058,172785068,110807550,65192346,3111327
4/11/21,2265215,30289,6656639,2426398837,1367555670,531908745,41206001,2161456,39694,7461090,2273451154,1283319467,497857114,53656133,46509,305,642841,187047131,119242902,72630892,3579422,69843,987,1251476,175926980,112668690,66794397,3141912
4/12/21,1942788,31953,6972445,2500081712,1409350632,549863972,54443995,2218408,40714,7694977,2330144364,1314873653,510788779,55675993,70075,479,1049217,189692045,120848490,74066085,2644914,68796,982,1266404,179141873,114573413,68462114,3214893
4/13/21,2498157,44586,8055369,2562481286,1444201873,567085707,59019345,2303643,41397,7741487,2388491675,1347400644,524367060,57279325,77966,835,1605579,192282781,122295530,75322283,2590736,71266,978,1274703,182526260,116572598,70220015,3384387
4/14/21,2625319,45380,8531410,2612740063,1469492967,580395988,55347847,2367971,40839,7718363,2446254567,1378722319,538310761,57320464,75403,955,1666759,194791836,123917385,76681252,2509055,71321,744,1275574,185857000,118561405,71971248,3330740
4/15/21,2612750,43824,7952860,2643428114,1481621053,587488841,56328764,2347318,40209,7651833,2496696402,1405194368,550693439,55247839,74308,905,1476466,198317040,125822868,78498290,3525204,70523,727,1270803,189205189,120529442,73727701,3348189
4/16/21,2718737,42413,7541414,2670511247,1489324839,594855236,53690759,2395206,39876,7559604,2545130835,1430649771,562840806,53620266,80071,869,1447638,202282923,127743096,80609818,3965883,70146,723,1271030,192554495,122430450,75500181,3349306
4/17/21,2489861,39646,6805243,2718058713,1512699211,610903541,41555330,2450404,39727,7502197,2590528567,1453463749,574643147,51656006,52532,697,1005129,205871913,129494179,82471151,3588990,68123,721,1270518,195755096,124194921,77182824,3200601
4/18/21,2142959,28588,6657523,2785181425,1555979266,626543307,41351619,2432939,39484,7502323,2641783223,1480381406,588162370,51676808,42121,337,611010,209406814,131247546,84263408,3534901,67497,725,1265971,198949336,125909871,78844612,3194240
4/19/21,2161141,34941,7090332,2862416582,1597074048,650922397,45996962,2464132,39911,7519164,2693545347,1507199037,602599288,50470089,68105,504,1013517,211581309,132321628,85365180,2174495,67215,729,1260871,202076374,127548890,80458769,3127038
4/20/21,2710545,45704,8055148,2771673356,1520118809,652142348,38547881,2494473,40071,7519133,2723429929,1518044313,614750237,47545595,60949,842,1562823,213388238,133266995,86223506,1806929,64784,730,1254763,205091439,129116242,82016086,3015065
4/21/21,2823342,47767,8975255,2960502117,1645994600,679598327,54339914,2522762,40412,7582539,2773110222,1543258832,628922000,47401604,62855,860,1646093,215951909,134445595,87592646,2563671,62992,716,1251811,208114307,130620272,83574857,3022868
4/22/21,2850943,44205,8786427,3036466694,1677830829,700443320,68363018,2556790,40466,7701620,2829258591,1571288800,645058354,49120783,67278,966,1488988,218947643,135791031,89245776,2995734,61987,725,1253600,211061536,132044296,85110212,2947229
4/23/21,2848728,48183,8381124,2955162529,1584992394,696878246,57555184,2575360,41291,7821579,2869923059,1584955594,659633069,49672844,62411,784,1404769,222322230,137234889,91175995,3374587,59464,713,1247476,213924294,133400266,86619666,2862758
4/24/21,2568165,41781,7580471,2929689590,1563040400,692458390,40219746,2586546,41596,7932326,2900156042,1592147192,671283762,49482046,53495,748,991101,225640460,138644724,93078040,3318230,59602,720,1245472,216748372,134707487,88134936,2824078
4/25/21,2252993,32546,6984893,3187089209,1743824669,743733327,52987160,2602265,42161,7979093,2957571440,1618982250,688025194,51144266,32153,293,588287,228661408,139978480,94772329,3020948,58178,714,1242225,219499028,135954763,89636210,2750656
4/26/21,2112331,36950,7011690,3233225137,1759992089,760089856,51389825,2595292,42448,7967858,3010544090,1642256256,703620545,51914675,47568,494,992734,230768454,140969663,95888088,2107046,55244,712,1239256,222240049,137190197,91139483,2741021
4/27/21,2657032,47396,8328205,3291500588,1782418339,773352973,60285958,2587648,42690,8006866,3084805123,1679727617,720936348,55020115,50836,654,1566081,232407669,141751857,96747454,1639215,53799,686,1239722,224957110,138402320,92642904,2717062
4/28/21,2852464,50620,8615551,3390331181,1829186116,800501608,75509315,2591808,43097,7955480,3146209275,1705897834,738208246,58044315,55150,968,1570381,234639414,142692987,98044421,2231745,52699,701,1228906,227626754,139580519,94136015,2669644
4/29/21,2818146,49623,8709747,3445441478,1844334589,817536019,76225673,2587123,43871,7944526,3204634245,1729684085,754935774,59167552,58251,873,1412568,237360493,143793565,99668945,2721079,51409,688,1217989,230257161,140723738,95625039,2630407
4/30/21,2740803,44126,7957771,3490320402,1850345312,830977237,78007388,2571705,43292,7884047,3281085369,1767591645,774092773,62089295,57919,753,1308987,240159677,144894586,101407318,2799184,50767,683,1204306,232805368,141817980,97086656,2548207
5/1/21,2481524,41391,6760087,3539679270,1864359132,840342946,46620290,2559328,43236,7766849,3368226752,1810637178,795219138,63003658,45391,715,901118,243463471,146239208,103422555,3303794,49610,679,1191451,235351512,142902907,98564444,2546144
5/2/21,2074577,30992,5949770,3605954185,1896164443,859850340,38886687,2533840,43014,7618974,3428064606,1832400003,811807283,60989305,29403,336,520309,245591469,147047012,104774652,2127998,49217,685,1181740,237770092,143912697,99993348,2418580
5/3/21,2099682,36996,6802996,3636828335,1904969789,859269920,42033486,2532033,43021,7589161,3485722206,1853111103,825975863,59652685,50491,504,890695,246780203,147517734,105523520,1188734,49634,686,1167163,240057485,144848136,101369838,2287393
5/4/21,2526118,43894,7782660,3715657349,1938873636,891891041,55706123,2513331,42520,7511226,3546316029,1875461860,842909873,58998423,40723,875,1415826,247769049,147894671,106168588,988846,48190,718,1145698,242251968,145725680,102715714,2194483
5/5/21,2629835,46793,8337023,3766089970,1959827737,908411090,62124682,2481526,41974,7471436,3599995856,1894124948,858325513,57086333,44704,794,1520887,249566820,148562891,107346533,1797771,46697,693,1138627,244384455,146564238,104044587,2132487
5/6/21,2712158,45965,8827613,3848886702,1990599082,933610894,74301137,2466385,41451,7488274,3657630888,1915019876,874907638,56811399,47557,799,1303092,251973752,149462265,108926627,2406932,45170,682,1122988,246472063,147374052,105367113,2087608
5/7/21,2590440,45046,7993237,3922716316,2015673266,955588158,81018084,2444905,41582,7493341,3719401732,1938638155,892709198,57241498,48130,759,1170435,254779333,150416559,110874920,2805581,43771,683,1103195,248560585,148162906,106719628,2088522
5/8/21,2432425,41370,6659455,3909111397,1981811339,947308857,61413297,2437891,41579,7478965,3772177751,1955417042,907990043,59354785,33675,629,848212,257347205,151315505,112626771,2567872,42098,671,1095637,250543976,148888091,108034516,1983391
5/9/21,1965199,31502,6638859,3973845789,2010461143,962876494,48815201,2422265,41652,7577406,3824733694,1971745142,922708065,60773144,21427,249,482294,259716989,152116936,114258244,2369784,40958,658,1090206,252561907,149612366,109389315,2017931
5/10/21,1914058,34797,6803099,4073383894,2053233346,989117139,66906590,2395748,41338,7577421,3887098774,1992925650,941257668,64326445,36798,414,852213,261599381,152819904,115530780,1882392,39002,646,1084708,254678933,150369819,110818923,2117025
5/11/21,2306017,44600,8036187,4199276929,2116760843,1029539638,75370159,2364305,41439,7613639,3956187285,2018338108,960921753,67135593,33662,686,1325941,263132561,153448316,116576359,1533180,37993,619,1071868,256873720,151163197,112305748,2194787
5/12/21,2358344,43075,8740539,4241005882,2114640800,1037358949,81380116,2325520,40908,7671284,4024032416,2040454260,979342876,69886369,35826,768,1335327,264680844,153986312,117647439,1548283,36725,615,1045359,259032866,151937971,113777306,2159146
5/13/21,2249158,42663,7905640,4347746463,2155223055,1062885464,82101119,2259377,40436,7539574,4095298096,2063971970,997810671,71000652,38076,766,1187991,266596486,154624231,118987308,1915642,35371,610,1028916,261121828,152675395,115214546,2088962
5/14/21,2217943,40555,7358022,4384425011,2151461995,1063220154,81502118,2206163,39795,7448829,4161256481,2083370360,1013186671,71069800,42260,655,1079346,268438666,155251852,120258637,1842180,34532,595,1015903,263073162,153366151,116555077,1951333
5/15/21,1934742,37601,6280294,4441509701,2161710269,1072667990,72202638,2135066,39256,7394663,4237313381,2109070207,1031095118,72611134,28857,496,784428,270832342,156217367,121768268,2393676,33844,576,1006791,264999610,154066417,117861005,1926448
5/16/21,1689246,30753,4182768,4590012098,2230465625,1112564639,71663814,2095644,39149,7043793,4325337140,2140499419,1052479139,75875222,16875,277,452003,272925411,157132234,122999721,2093069,33193,580,1002464,266886527,154782888,119109787,1886917
5/17/21,1655075,34612,5256010,4678275717,2257235606,1130779635,81717582,2058646,39123,6822780,4411750257,2169642599,1072716638,77991078,28621,400,792637,274411901,157827208,123828224,1486490,32025,578,993953,268716887,155498217,120295137,1830360
5/18/21,1930572,44067,7820651,4745998844,2273434735,1137654941,84367861,2005011,39047,6791989,4489853388,2192024584,1088161682,79276464,27789,770,1209070,275535207,158365411,124455693,1123306,31186,590,977257,270488694,156200659,121420756,1771807
5/19/21,2085155,42026,8668260,4807673601,2283580241,1149680724,85242029,1965984,38897,6781664,4570805919,2216158789,1104207650,79828166,29301,675,1173357,277290173,159174963,125453423,1754966,30254,577,954119,272290027,156941895,122535896,1801333
5/20/21,1931991,40356,8445799,4956364182,2343444863,1183405233,104333800,1920675,38567,6858829,4657751308,2243047619,1121424759,83004263,30206,682,1002780,279397250,160177820,126605166,2107077,29130,565,927660,274118707,157735265,123624162,1828681
5/21/21,1930967,40069,8183251,4772527699,2164673453,1130806117,92569096,1879678,38498,6976719,4713194549,2244934970,1131079897,84585260,27946,615,977180,281595351,161278336,127778250,2198101,27085,559,913065,275998234,158596191,124698392,1879526
5/22/21,1774297,35387,7026278,5013477820,2327248888,1180889895,80768093,1856758,38181,7083288,4794904280,2268583344,1146540169,85808896,19798,495,704842,283941223,162470794,129006463,2345872,25791,559,901696,277870931,159489538,125732420,1872697
5/23/21,1459967,29742,6619676,5143678656,2373796868,1206233267,71698932,1824003,38037,7431418,4873999503,2289059236,1159921402,85813913,12868,197,405870,285720586,163309414,130014175,1779363,25218,548,895105,279698813,160371992,126734485,1827882
5/24/21,1390819,27710,6729341,5237253344,2422751222,1230136495,86030937,1786253,37051,7641894,4953853449,2312704324,1174115239,86430107,25815,446,702094,286890900,163907827,130615797,1170314,24818,554,882170,281481527,161240652,127704138,1782714
5/25/21,1629376,40817,8149706,5421554989,2495952212,1269027133,114119661,1743225,36587,7688902,5050361470,2344492535,1192882695,90680364,22739,632,1065695,287788872,164378258,131078608,897972,24096,535,861688,283232051,162099630,128650269,1750524
5/26/21,1748917,39336,8527640,5475194699,2490584652,1263435117,110540701,1695191,36202,7668813,5145721627,2374064594,1209133322,94294460,23976,979,1041829,289212304,165074907,131850089,1423432,23335,578,842899,284935212,162942479,129564078,1703162
5/27/21,1711669,40058,8588302,5543458137,2507364828,1274493439,101827638,1663716,36160,7689171,5229592192,2397481732,1222145923,93936437,27448,1356,921272,290724607,165718717,132769894,1512303,22941,674,831255,286553406,163734036,130444754,1618194
5/28/21,1542848,36690,8036898,5632229231,2524560630,1285853421,102168652,1608270,35677,7668263,5352406697,2448894186,1244295538,95307802,21859,564,830722,292099778,166388129,133532544,1375171,22072,667,810332,288054039,164464007,131266796,1500632
5/29/21,1476464,32799,6792813,5750023163,2567765330,1306642567,96574446,1565723,35307,7634911,5457627460,2483253677,1262260206,97565852,12001,331,570635,293705050,167157043,134418748,1605272,20958,644,791160,289448871,165133471,132039979,1394832
5/30/21,1198778,24682,6045525,5903860633,2630582583,1343871290,88390230,1528410,34585,7552889,5566224885,2519937351,1281922780,99950324,6734,134,354352,294928850,167733972,135087319,1223800,20082,635,783800,290764337,165765550,132764714,1315466
5/31/21,1158345,26778,6055219,5726514199,2492454091,1226797704,107045432,1495200,34451,7456586,5636119293,2529894904,1281445810,102952394,5775,151,312031,0,0,0,0,17219,592,728077,249779923,142350147,114105315,1148279
6/1/21,1422152,46790,7218844,6150930064,2698005362,1383818095,116171852,1465596,35305,7323606,5740315732,2558759639,1297844519,103245564,22940,647,698316,296404240,168489729,135867425,0,17248,595,675594,251010690,142937500,114789431,1019997
6/2/21,1483533,36089,9764366,6260922716,2730993151,1400374166,121844138,1427684,34841,7500281,5852562592,2593103711,1317407240,104860341,16917,556,1100748,296912892,168734435,136155250,508652,16239,534,684011,252110774,143460289,115404454,889314
6/3/21,1514180,30491,9986896,6370904234,2765031628,1421141841,109138468,1399471,33474,7700080,5970769177,2629913254,1338357012,105904745,19080,616,980930,297720928,169090262,136644618,808036,15044,428,692533,253110248,143941939,115957986,788704
6/4/21,1287998,33642,9314998,6409869143,2763055784,1412512196,120615555,1363064,33039,7882666,6081860593,2663983990,1356451123,108540017,16850,532,862410,299120522,169735441,137455367,1399594,14328,424,697060,254113212,144420126,116518390,792193
6/5/21,1215249,27975,8732530,6561414792,2815669651,1443672372,94250703,1325748,32350,8159768,6197773683,2699398893,1376026809,108208054,13906,378,610951,300268730,170272150,138112702,1148208,14600,431,702820,255050880,144865141,117046097,726899
6/6/21,984251,21515,7827699,6674037613,2870813245,1468073353,88478118,1295101,31897,8414365,6307798966,2733717559,1393769961,108220609,5395,169,364631,301638578,170833221,138969323,1369848,14409,436,704288,256009413,145307891,117600669,747763
6/7/21,982688,24736,6743878,6695775414,2848864837,1464436402,94035713,1270007,31605,8512744,6446264854,2784633380,1427718346,106362078,15496,317,635727,302851917,171310738,139748661,1213339,15798,459,750530,299273972,169780854,137564764,921097
6/8/21,1124520,32032,7372640,6786240484,2889395929,1484573081,102115968,1227488,29497,8534715,6537023485,2811974889,1442111916,104354095,13013,336,882188,303923667,171731584,140441957,1071750,14380,415,776798,300348176,170243976,138218268,1074204
6/9/21,1284185,32078,7910587,6988531908,2982865921,1531587800,116203808,1199010,28924,8269890,6640967655,2847956714,1460856721,103548333,18647,446,868390,304753476,172054276,140980110,829809,14627,399,743604,301468260,170718239,138907534,1120083
6/10/21,1380146,48759,7725586,7093087721,4868920732,2218187913,120105720,1179862,31534,7946845,6744136725,3148512300,1574720445,105115084,14545,427,783463,305687618,172423605,141583252,934142,13979,372,715394,302606358,171194431,139613053,1138099
6/11/21,1282838,36408,7577868,7164231692,4257062754,1997920059,110970313,1179125,31929,7698684,6851902803,3361941867,1658350140,103737192,24699,650,754789,306509795,172758350,142095530,822177,15100,389,700020,303661969,171626275,140275934,1055610
6/12/21,1128983,29622,6502091,7203875478,4257738698,1999703394,89174219,1166802,32164,7380050,6943682901,3567951731,1737783143,103011980,8228,285,552655,308112728,173391711,143119077,1602933,14289,376,691692,304782540,172071926,140991130,1120571
6/13/21,918463,27585,6099018,7395397270,4367937138,2049198984,88523093,1157403,33031,7133095,7046734281,3781826573,1820801090,103018405,4777,111,344545,309322545,173840483,143921222,1209817,14201,367,688822,305880249,172501535,141698544,1097710
6/14/21,939939,23987,6370481,7496576830,4404019476,2077789991,86583800,1151296,32924,7079753,7161134483,4003991521,1908423032,101953846,12730,173,591154,310645827,174234573,144919339,1323282,13806,347,682455,306993665,172919226,142437212,1113416
6/15/21,1130195,32249,6803316,7578921057,4420609590,2087876129,117449217,1152107,32955,6998421,7274374565,4222736330,1994609181,104144310,11305,311,810601,311886674,174674144,145768367,1240847,13562,343,672228,308131238,173339592,143198128,1137572
6/16/21,1211354,31519,7477807,7728665370,4471678842,2122405908,127385787,1141703,32876,6936595,7380107917,4435423890,2079011768,105741736,12425,371,775338,312915170,175053401,146456124,1028496,12673,333,658935,309297194,173768038,143980416,1165956
6/17/21,1191579,28256,7821397,7883945038,4528595282,2155453595,142480345,1114764,29947,6950283,7493087534,4386805969,2070049723,108938111,10393,282,704163,314969386,175867860,147758585,2054216,12080,312,647606,310623161,174260075,144862606,1325967
6/18/21,1231834,28073,7495945,7960127429,4526618442,2153309423,134127241,1107478,28756,6938579,7606786925,4425313924,2092248203,112246243,20591,594,670121,316048776,176290249,148459003,1079390,11493,304,635511,311985872,174764632,145771674,1362712
6/19/21,1051979,24478,6605486,8059582401,4550816840,2169374357,111036114,1096478,28021,6953350,7729030771,4467182230,2116486912,115369371,8520,171,481558,317117797,176737141,149125164,1069021,11534,288,625354,313272311,175242550,146629686,1286438
6/20/21,907779,19777,6019876,8246151557,4631636929,2209961602,108170180,1094951,26906,6942044,7850567097,4504853629,2139453001,118176098,3892,86,308935,317966408,177088290,149667646,848611,11408,284,620267,314507148,175706523,147450604,1234838
6/21/21,903789,21545,6160338,8374200971,4692570413,2238009196,129937100,1089787,26557,6912024,7975941975,4546075191,2162341459,124369426,12334,268,471233,318576441,177342954,150046006,610033,11351,298,603136,315640093,176150577,148182985,1132945
6/22/21,1131618,27196,7004215,8443245367,4628814536,2222136750,133665508,1089990,25835,6940723,8099416876,4575818755,2181521547,126686039,10940,323,602218,319223844,177635067,150424675,647403,11299,299,573367,316688260,176573566,148848172,1048167
6/23/21,1326681,28994,7356067,8631330314,4763124083,2284742554,132100530,1106466,25474,6923332,8228369011,4617453789,2204712497,127359574,12436,375,571647,319872053,177948892,150787303,648209,11301,300,544268,317682101,176987208,149466912,993840
6/24/21,1224610,26200,7030972,8754892872,4794560849,2304103388,144501336,1111184,25180,6810414,8352790130,4655448870,2225948181,127648287,12830,341,466242,320687205,178331677,151252034,815152,11649,308,510279,318498932,177339181,149965976,816831
6/25/21,1278488,28050,6461043,8727829844,4721249521,2267135008,131763267,1117849,25177,6662571,8462461904,4683253310,2242208979,127310576,23715,498,349631,321199379,178491147,151615554,512174,12095,295,464495,319234732,177653595,150416912,735800
6/26/21,1096312,22764,5761206,8868303606,4767739348,2297533414,120658715,1124182,24932,6541960,8577993504,4714242240,2260517416,128685234,7303,147,0,322123103,178873816,152184243,923724,11921,291,395701,319949776,177958835,150853923,715044
6/27/21,935857,17988,5990603,9071781617,4878901728,2340836411,110827558,1128194,24677,6537778,8695940656,4749565783,2279213817,129064859,3920,74,0,323327328,179261269,153028665,1204225,11925,289,351567,320715622,178269260,151334069,765846
6/28/21,1011581,20185,3569404,8941511305,4756203794,2266489581,101283837,1143592,24482,6167644,8776984989,4758656266,2283282444,124971536,15083,150,0,324414371,179615165,153776118,1087043,12318,273,284248,321549612,178593862,151866942,833990